Created by: G Romme, University of Toronto Libraries, GIS & Map Library,,
from Census of Canada, 2006: cartographic boundary file at the FSA level,,,
2008/04/17,,,,
,,,,
pruid,fsa,shape_area,shape_len,sq_km
10,A0A,7.09,104.98,46874.95
10,A0B,0.59,16.56,5098.90
10,A0C,0.26,11.38,2237.20
10,A0E,0.84,23.40,7219.32
10,A0G,1.57,41.22,12946.93
10,A0H,3.23,34.15,26852.37
10,A0J,0.24,11.85,2006.98
10,A0K,8.51,80.67,64404.35
10,A0L,0.22,4.41,1873.73
10,A0M,0.54,11.57,4594.47
10,A0N,1.46,25.37,12298.83
10,A0P,17.59,85.49,126385.35
10,A0R,11.32,34.65,82159.98
10,A1A,7.1280263073e-03,0.74,60.50
10,A1B,3.91632870338e-03,0.49,33.26
10,A1C,3.87049573682e-03,0.49,32.92
10,A1E,2.11227796859e-03,0.33,17.95
10,A1G,1.1807526956e-03,0.20,10.04
10,A1H,5.28931711762e-03,0.54,45.03
10,A1K,0.01,0.94,90.24
10,A1L,4.17216920365e-03,0.39,35.46
10,A1M,8.31127713272e-03,0.53,70.50
10,A1N,1.88148751563e-03,0.22,16.00
10,A1S,0.02,1.01,217.04
10,A1V,0.01,0.56,109.83
10,A1W,4.41902684504e-03,0.48,37.59
10,A1X,9.9697513124e-03,0.49,84.93
10,A1Y,6.02171707111e-03,0.68,50.91
10,A2A,0.01,0.64,85.63
10,A2B,0.06,1.35,498.97
10,A2H,0.11,4.44,940.56
10,A2N,0.05,1.91,417.39
10,A2V,8.6250885318e-03,0.83,63.57
10,A5A,0.21,5.12,1787.23
10,A8A,0.68,9.51,5592.06
11,C0A,0.38,9.72,3392.64
11,C0B,0.24,8.02,2093.89
11,C1A,0.02,1.91,229.55
11,C1B,3.02992949507e-03,0.30,26.64
11,C1C,1.11703474392e-03,0.23,9.80
11,C1E,0.01,0.91,157.60
11,C1N,0.01,1.19,123.94
12,B0C,0.18,3.98,1601.95
12,B0E,0.70,20.34,6245.67
12,B0H,0.41,11.68,3689.03
12,B0J,0.60,25.43,5474.22
12,B0K,0.38,12.39,3478.37
12,B0L,0.05,2.25,467.33
12,B0M,0.41,7.56,3732.56
12,B0N,0.61,7.38,5565.34
12,B0P,0.19,4.93,1755.22
12,B0R,0.11,4.38,1091.72
12,B0S,0.26,3.98,2394.61
12,B0T,0.57,8.51,5343.71
12,B0V,0.03,2.40,340.29
12,B0W,0.58,12.93,5424.17
12,B1A,3.60301840779e-03,0.59,31.70
12,B1B,0.01,1.56,148.07
12,B1C,0.01,1.92,150.87
12,B1E,4.87662471582e-04,0.10,4.29
12,B1G,9.1996152457e-04,0.19,8.09
12,B1H,6.85249143261e-03,0.59,60.25
12,B1J,0.03,2.17,348.87
12,B1K,0.11,2.23,987.25
12,B1L,0.02,0.88,196.09
12,B1M,9.61214110732e-03,0.70,84.71
12,B1N,6.60755106928e-03,0.45,58.12
12,B1P,1.9741426746e-03,0.36,17.39
12,B1R,3.12223937239e-03,0.34,27.51
12,B1S,1.00504839549e-03,0.20,8.86
12,B1T,0.01,1.28,149.52
12,B1V,1.46659754639e-03,0.29,12.88
12,B1W,4.18426249863e-03,0.52,37.03
12,B1X,0.01,1.74,153.20
12,B1Y,0.02,2.23,255.21
12,B2A,0.01,1.38,97.35
12,B2C,0.01,1.87,128.03
12,B2E,4.23867333356e-03,0.40,37.68
12,B2G,0.11,3.76,1070.80
12,B2H,0.08,3.22,799.85
12,B2J,0.02,1.63,256.21
12,B2N,0.09,2.35,878.37
12,B2R,6.15856667205e-03,0.46,56.18
12,B2S,0.04,1.44,364.05
12,B2T,0.02,1.14,203.47
12,B2V,1.81431971056e-03,0.35,16.59
12,B2W,2.85127362242e-03,0.45,26.06
12,B2X,1.80597116751e-03,0.25,16.49
12,B2Y,4.34951253584e-03,1.06,40.37
12,B2Z,0.01,1.39,147.15
12,B3A,1.04565049489e-03,0.21,9.55
12,B3B,2.30654715943e-03,0.30,21.07
12,B3E,0.03,1.44,300.26
12,B3G,3.63770176004e-03,0.60,33.30
12,B3H,7.28858064854e-04,0.19,6.67
12,B3J,7.27847066805e-04,0.33,6.66
12,B3K,6.64918784224e-04,0.18,6.08
12,B3L,5.17960918596e-04,0.10,4.73
12,B3M,3.18788498477e-03,0.49,29.14
12,B3N,1.09585608788e-03,0.25,10.02
12,B3P,1.43206181315e-03,0.22,13.11
12,B3R,2.50387083114e-03,0.36,22.93
12,B3S,5.70809646818e-04,0.16,5.22
12,B3T,0.02,2.00,220.90
12,B3V,0.01,1.09,142.92
12,B3Z,0.04,3.23,372.84
12,B4A,2.34641506144e-03,0.27,21.42
12,B4B,0.01,1.09,174.00
12,B4C,4.62970721806e-03,0.40,42.23
12,B4E,4.76847102187e-03,0.49,43.44
12,B4G,0.01,0.63,130.55
12,B4H,0.08,1.87,739.77
12,B4N,0.03,1.62,360.14
12,B4P,0.02,1.04,254.76
12,B4R,1.67764828668e-03,0.25,15.18
12,B4V,0.07,2.48,646.97
12,B5A,0.01,2.45,185.11
12,B9A,0.02,1.22,182.45
13,E1A,9.98339686389e-03,0.69,88.04
13,E1B,4.52967856957e-03,0.39,39.99
13,E1C,1.38431015641e-03,0.22,12.20
13,E1E,4.37340826289e-03,0.35,38.59
13,E1G,0.06,1.72,541.38
13,E1H,0.03,1.53,273.17
13,E1J,0.02,1.14,219.40
13,E1N,0.10,2.48,936.95
13,E1V,0.13,3.14,1165.29
13,E1W,0.01,1.38,161.34
13,E1X,0.05,2.70,449.19
13,E2A,0.22,3.85,1904.27
13,E2E,3.02056529714e-03,0.39,27.10
13,E2G,3.4122306996e-03,0.51,30.59
13,E2H,2.81123580375e-03,0.37,25.27
13,E2J,0.01,1.03,96.51
13,E2K,3.61032556158e-03,0.46,32.49
13,E2L,2.8774242267e-04,0.08,2.59
13,E2M,0.01,1.13,130.81
13,E2N,9.353201805e-03,0.53,84.14
13,E2P,3.03088482481e-03,0.37,27.31
13,E2R,3.98720169563e-05,0.03,0.35
13,E2S,0.03,1.35,273.47
13,E2V,0.05,1.33,519.84
13,E3A,0.12,2.93,1126.97
13,E3B,0.04,1.86,388.65
13,E3C,9.82539738834e-03,0.87,87.10
13,E3E,0.02,0.96,184.97
13,E3L,0.04,1.98,415.37
13,E3N,0.16,3.88,1364.10
13,E3V,0.02,1.47,171.41
13,E3Y,0.09,2.40,830.75
13,E3Z,0.02,0.76,178.19
13,E4A,0.13,2.84,1182.84
13,E4B,0.09,2.30,874.33
13,E4C,0.09,2.04,816.44
13,E4E,0.09,1.78,814.51
13,E4G,0.05,1.47,521.80
13,E4H,0.11,3.22,1042.51
13,E4J,0.05,1.87,458.10
13,E4K,0.03,0.90,316.07
13,E4L,0.07,1.76,687.97
13,E4M,0.04,2.20,412.74
13,E4N,0.01,0.88,111.95
13,E4P,0.05,1.62,443.57
13,E4R,0.01,1.14,150.07
13,E4S,0.04,1.99,395.68
13,E4T,0.25,3.56,2189.90
13,E4V,0.02,1.02,200.80
13,E4W,0.06,2.57,537.57
13,E4X,0.06,2.48,562.42
13,E4Y,0.10,2.25,899.45
13,E4Z,0.21,3.38,1921.72
13,E5A,0.10,2.18,965.10
13,E5B,0.01,1.55,128.54
13,E5C,0.08,2.69,740.93
13,E5E,4.53963259048e-03,0.85,41.28
13,E5G,0.01,1.47,163.70
13,E5H,0.01,1.67,148.75
13,E5J,0.05,2.90,536.98
13,E5K,0.07,1.70,692.02
13,E5L,0.15,2.64,1412.05
13,E5M,0.07,2.03,709.39
13,E5N,0.07,2.55,639.85
13,E5P,0.03,1.28,351.52
13,E5R,0.06,2.04,580.02
13,E5S,0.02,1.30,188.80
13,E5T,0.05,1.80,505.28
13,E5V,4.28362005223e-03,1.19,38.85
13,E6A,0.50,4.54,4388.99
13,E6B,0.18,2.40,1587.37
13,E6C,0.06,1.77,612.29
13,E6E,0.06,1.32,530.32
13,E6G,0.07,1.52,673.59
13,E6H,0.11,2.16,1026.00
13,E6J,0.07,1.26,629.14
13,E6K,0.15,2.55,1343.36
13,E6L,0.05,1.46,519.17
13,E7A,0.07,1.55,647.37
13,E7B,0.24,4.77,2064.73
13,E7C,0.09,1.89,794.16
13,E7E,0.11,2.57,1017.38
13,E7G,0.40,3.67,3524.68
13,E7H,0.09,1.65,810.05
13,E7J,0.04,1.23,378.59
13,E7K,0.03,1.30,317.62
13,E7L,0.14,2.90,1221.76
13,E7M,0.04,1.56,374.53
13,E7N,0.07,2.08,648.34
13,E7P,0.06,2.00,593.47
13,E8A,0.29,4.60,2481.43
13,E8B,0.30,4.71,2593.79
13,E8C,2.16537794998e-03,0.41,18.16
13,E8E,0.17,3.77,1461.74
13,E8G,0.18,3.54,1567.20
13,E8J,0.02,0.75,182.16
13,E8K,0.03,1.13,330.44
13,E8L,0.08,1.74,724.56
13,E8M,0.02,0.90,239.00
13,E8N,0.01,0.96,93.76
13,E8P,0.02,1.80,196.97
13,E8R,0.03,1.30,265.41
13,E8S,7.66362323024e-03,1.00,64.80
13,E8T,0.02,1.96,195.42
13,E9A,0.03,2.82,271.77
13,E9B,0.10,1.81,877.89
13,E9C,0.19,2.42,1730.04
13,E9E,0.30,4.62,2614.16
13,E9G,0.05,1.59,493.03
13,E9H,0.03,1.99,265.60
24,G0A,1.02,13.33,8807.63
24,G0C,1.18,9.12,9837.89
24,G0E,0.66,5.64,5457.38
24,G0G,25.34,96.58,191803.33
24,G0H,1.69,12.77,13790.32
24,G0J,1.45,11.67,12030.84
24,G0K,0.42,6.28,3578.18
24,G0L,0.91,9.50,7724.99
24,G0M,0.36,5.15,3199.39
24,G0N,0.20,4.95,1774.58
24,G0P,0.09,2.81,838.18
24,G0R,0.85,6.49,7449.19
24,G0S,0.40,5.65,3572.45
24,G0T,0.40,8.25,3410.19
24,G0V,5.55,19.18,44118.99
24,G0W,39.68,69.23,297369.09
24,G0X,4.34,29.24,36683.01
24,G0Y,0.22,4.76,1979.03
24,G0Z,0.07,1.95,662.97
24,G1B,5.22299656376e-03,0.32,45.10
24,G1C,2.3261826348e-03,0.31,20.11
24,G1E,1.34605585229e-03,0.24,11.64
24,G1G,1.18372432666e-03,0.16,10.23
24,G1H,1.03194784883e-03,0.17,8.92
24,G1J,5.68993677776e-04,0.13,4.92
24,G1K,6.74008355554e-04,0.30,5.83
24,G1L,5.59550600705e-04,0.15,4.84
24,G1M,9.711123014e-04,0.19,8.40
24,G1N,4.5574255408e-04,0.16,3.94
24,G1P,1.38389219038e-03,0.24,11.98
24,G1R,2.90466745647e-04,0.10,2.51
24,G1S,6.39148935233e-04,0.14,5.53
24,G1T,5.18660554989e-04,0.22,4.49
24,G1V,1.11302969639e-03,0.22,9.64
24,G1W,9.93712047508e-04,0.23,8.61
24,G1X,1.45012007986e-03,0.26,12.57
24,G1Y,8.01847836784e-04,0.16,6.95
24,G2A,2.79990276508e-03,0.39,24.20
24,G2B,1.356086013e-03,0.19,11.73
24,G2C,7.32527247557e-04,0.16,6.34
24,G2E,1.63641095677e-03,0.24,14.17
24,G2G,5.76621344993e-03,0.46,49.96
24,G2J,2.36326000801e-04,0.10,2.04
24,G2K,1.68473058953e-03,0.23,14.57
24,G2L,1.39152756618e-03,0.17,12.02
24,G2M,2.68063837897e-03,0.26,23.15
24,G2N,1.64970354502e-03,0.23,14.25
24,G3A,0.01,0.66,88.14
24,G3E,9.90713276908e-04,0.14,8.56
24,G3G,4.44055775844e-03,0.40,38.34
24,G3H,0.01,0.75,127.27
24,G3J,4.90266207854e-03,0.42,42.40
24,G3K,3.735042548e-03,0.36,32.33
24,G3L,0.20,2.90,1730.59
24,G3M,2.4088013738e-03,0.24,20.92
24,G3Z,0.07,1.71,669.37
24,G4A,7.12499872642e-03,0.59,60.27
24,G4R,2.41,11.18,18806.57
24,G4S,7.80949036085e-03,0.77,61.82
24,G4T,0.02,4.20,237.46
24,G4V,0.16,2.94,1391.52
24,G4W,9.92618858979e-03,0.92,81.68
24,G4X,0.21,4.51,1787.30
24,G4Z,3.69,11.50,29204.16
24,G5A,0.05,1.58,502.64
24,G5B,0.59,8.05,4665.30
24,G5C,0.97,8.60,7496.95
24,G5H,6.33590297345e-03,0.43,52.44
24,G5J,0.01,1.03,150.08
24,G5L,7.38115456119e-03,0.89,61.33
24,G5M,2.52377362743e-03,0.37,20.93
24,G5N,0.02,0.88,181.92
24,G5R,0.01,0.66,88.40
24,G5T,0.06,1.41,586.37
24,G5V,0.01,0.59,127.91
24,G5X,0.02,0.81,182.16
24,G5Y,0.01,1.14,129.77
24,G5Z,1.89476093239e-03,0.34,16.71
24,G6A,2.07909310675e-04,0.10,1.83
24,G6B,0.03,1.13,333.59
24,G6C,8.96895020816e-03,0.58,77.76
24,G6E,0.01,0.57,112.01
24,G6G,0.02,1.14,204.45
24,G6H,0.02,1.30,208.88
24,G6J,0.01,0.56,93.84
24,G6K,5.14550862486e-04,0.11,4.46
24,G6L,0.03,1.15,344.94
24,G6P,0.01,1.18,128.77
24,G6R,7.90093956544e-04,0.21,6.98
24,G6S,2.36677006239e-04,0.11,2.08
24,G6T,2.48411186774e-03,0.50,21.91
24,G6V,5.80390916436e-03,0.84,50.28
24,G6W,2.32137862216e-03,0.36,20.13
24,G6X,8.5791964838e-04,0.17,7.44
24,G6Z,0.01,0.62,91.33
24,G7A,0.01,0.67,103.04
24,G7B,0.05,1.75,446.11
24,G7G,2.65187597871e-03,0.34,22.02
24,G7H,0.02,1.52,170.75
24,G7J,2.21659954264e-03,0.25,18.41
24,G7K,1.38953156742e-03,0.16,11.56
24,G7N,0.06,1.66,579.48
24,G7P,0.02,1.04,232.16
24,G7S,4.44946424884e-03,0.43,36.96
24,G7X,0.07,2.21,652.45
24,G7Y,2.48222684104e-03,0.26,20.65
24,G7Z,1.20443541435e-03,0.18,10.00
24,G8A,8.50376333606e-04,0.17,7.06
24,G8B,0.01,1.07,116.10
24,G8C,7.47166347784e-04,0.18,6.19
24,G8E,0.01,0.61,112.94
24,G8G,0.03,0.98,258.50
24,G8H,0.02,0.74,188.60
24,G8J,0.06,2.11,511.64
24,G8K,0.04,1.33,382.77
24,G8L,2.12,13.49,16878.97
24,G8M,0.08,2.42,664.59
24,G8N,0.03,1.03,257.28
24,G8P,5.76,25.33,44672.98
24,G8T,2.5568905894e-03,0.68,22.38
24,G8V,4.32216873883e-03,0.44,37.81
24,G8W,6.92648434455e-03,0.62,60.59
24,G8Y,2.94167948059e-03,0.31,25.76
24,G8Z,9.70990760871e-04,0.18,8.50
24,G9A,5.02609969307e-03,0.72,44.03
24,G9B,9.46143845512e-03,0.68,82.98
24,G9C,1.92829838252e-03,0.28,16.87
24,G9H,0.05,1.51,459.57
24,G9N,7.07248755329e-03,0.81,61.66
24,G9P,2.93281527712e-03,0.26,25.59
24,G9R,4.15964492176e-03,0.73,36.19
24,G9T,0.01,0.74,111.68
24,G9X,1.41,14.37,12000.61
24,H1A,1.48675263241e-03,0.25,13.25
24,H1B,1.33468708601e-03,0.25,11.91
24,H1C,1.97336095057e-03,0.25,17.59
24,H1E,1.34384624066e-03,0.24,11.99
24,H1G,8.86429748054e-04,0.13,7.91
24,H1H,5.32546087348e-04,0.13,4.75
24,H1J,5.18554330245e-04,0.14,4.63
24,H1K,1.04462468007e-03,0.18,9.32
24,H1L,9.18260276847e-04,0.18,8.20
24,H1M,5.71063467194e-04,0.16,5.10
24,H1N,8.50829334464e-04,0.19,7.60
24,H1P,4.88133209942e-04,0.10,4.36
24,H1R,5.20045900833e-04,0.10,4.64
24,H1S,3.79661500658e-04,0.10,3.39
24,H1T,4.32662989814e-04,0.13,3.86
24,H1V,7.02468176278e-04,0.18,6.28
24,H1W,3.52309419744e-04,0.09,3.15
24,H1X,3.27621659405e-04,0.10,2.92
24,H1Y,2.84045830441e-04,0.09,2.54
24,H1Z,8.12897942545e-04,0.12,7.26
24,H2A,2.28726147098e-04,0.08,2.04
24,H2B,2.97482774092e-04,0.09,2.65
24,H2C,3.16593848446e-04,0.08,2.83
24,H2E,2.24575052697e-04,0.07,2.00
24,H2G,2.27421293593e-04,0.08,2.03
24,H2H,1.78469408062e-04,0.06,1.59
24,H2J,2.37723235398e-04,0.07,2.12
24,H2K,3.64392745977e-04,0.08,3.26
24,H2L,4.55251460561e-04,0.28,4.07
24,H2M,3.67670206984e-04,0.09,3.28
24,H2N,1.16201073289e-04,0.04,1.03
24,H2P,1.8184779277e-04,0.07,1.62
24,H2R,2.54142881668e-04,0.07,2.27
24,H2S,2.74526434095e-04,0.08,2.45
24,H2T,1.71825970181e-04,0.07,1.53
24,H2V,5.22277803172e-04,0.12,4.67
24,H2W,1.11882306745e-04,0.04,1.00
24,H2X,1.9794147486e-04,0.08,1.77
24,H2Y,9.6549005398e-05,0.05,0.86
24,H2Z,6.20398980837e-05,0.04,0.55
24,H3A,6.70077245788e-05,0.05,0.59
24,H3B,3.68702991591e-05,0.02,0.33
24,H3C,4.2087442737e-04,0.26,3.76
24,H3E,4.65840459926e-04,0.13,4.17
24,H3G,8.4767530362e-05,0.05,0.75
24,H3H,3.74099334119e-04,0.14,3.34
24,H3J,1.35960705358e-04,0.07,1.21
24,H3K,4.31150181308e-04,0.09,3.86
24,H3L,4.36220955167e-04,0.11,3.90
24,H3M,3.24283573247e-04,0.11,2.90
24,H3N,2.57867234492e-04,0.11,2.30
24,H3P,3.71705999498e-04,0.13,3.32
24,H3R,3.09835681379e-04,0.09,2.77
24,H3S,3.00700379685e-04,0.07,2.69
24,H3T,1.83487883957e-04,0.07,1.64
24,H3V,2.06063475138e-04,0.07,1.84
24,H3W,3.42494616393e-04,0.12,3.06
24,H3X,4.15285450262e-04,0.10,3.72
24,H3Y,3.15124512016e-04,0.09,2.82
24,H3Z,1.71234143313e-04,0.07,1.53
24,H4A,3.6488483319e-04,0.09,3.26
24,H4B,5.06987817839e-04,0.17,4.54
24,H4C,3.4829530788e-04,0.16,3.12
24,H4E,6.56203822594e-04,0.20,5.88
24,H4G,3.76674361114e-04,0.12,3.37
24,H4H,3.23362651331e-04,0.12,2.89
24,H4J,3.25113259527e-04,0.10,2.90
24,H4K,6.63093356943e-04,0.16,5.93
24,H4L,7.21364816212e-04,0.16,6.45
24,H4M,3.75863369853e-04,0.11,3.36
24,H4N,6.47575453789e-04,0.25,5.79
24,H4P,2.06078667572e-04,0.07,1.84
24,H4R,1.0306070506e-03,0.19,9.22
24,H4S,2.37112469824e-03,0.38,21.24
24,H4T,5.73960915095e-04,0.17,5.14
24,H4V,2.90120997313e-04,0.08,2.59
24,H4W,9.43675347663e-04,0.16,8.45
24,H4X,1.81398337272e-04,0.08,1.62
24,H7A,3.08662580396e-03,0.42,27.51
24,H7B,6.51788705136e-04,0.12,5.81
24,H7C,1.09937768815e-03,0.21,9.81
24,H7E,3.59976301166e-03,0.34,32.13
24,H7G,6.70860372605e-04,0.14,5.99
24,H7H,7.50675561115e-04,0.15,6.69
24,H7J,3.12206485434e-03,0.39,27.83
24,H7K,8.58632729347e-04,0.14,7.66
24,H7L,2.52184516266e-03,0.36,22.52
24,H7M,1.29707102163e-03,0.17,11.58
24,H7N,1.08029486242e-03,0.17,9.65
24,H7P,2.10891705563e-03,0.33,18.84
24,H7R,1.85605307546e-03,0.28,16.59
24,H7S,5.41025031169e-04,0.10,4.83
24,H7T,1.05210905053e-03,0.17,9.40
24,H7V,6.91455830288e-04,0.12,6.18
24,H7W,1.09642552687e-03,0.17,9.80
24,H7X,1.64253547664e-03,0.19,14.69
24,H7Y,7.2638650352e-04,0.20,6.49
24,H8N,7.12633966614e-04,0.14,6.39
24,H8P,8.63211030804e-04,0.50,7.74
24,H8R,1.75339891844e-03,0.53,15.73
24,H8S,6.67082673078e-04,0.32,5.98
24,H8T,3.71300506378e-04,0.10,3.32
24,H8Y,6.42507115589e-04,0.21,5.75
24,H8Z,5.20292145967e-04,0.12,4.65
24,H9A,5.21933685339e-04,0.12,4.67
24,H9B,1.03733211524e-03,0.17,9.29
24,H9C,1.11650136356e-03,0.16,9.99
24,H9E,1.50863040807e-03,0.23,13.51
24,H9G,5.48272945059e-04,0.11,4.91
24,H9H,1.04111388125e-03,0.19,9.32
24,H9J,1.30353737684e-03,0.41,11.68
24,H9K,6.73593431586e-04,0.15,6.03
24,H9P,1.59010964851e-03,0.24,14.25
24,H9R,1.70234507301e-03,0.23,15.25
24,H9S,1.05521105011e-03,0.33,9.46
24,H9W,1.26652472461e-03,0.20,11.36
24,H9X,2.81523357994e-03,0.32,25.25
24,J0A,0.15,3.00,1413.04
24,J0B,0.59,9.18,5366.67
24,J0C,0.12,3.89,1118.11
24,J0E,0.26,5.16,2376.63
24,J0G,0.12,3.15,1089.90
24,J0H,0.22,3.97,2016.59
24,J0J,0.18,2.93,1646.63
24,J0K,1.53,12.11,13368.46
24,J0L,0.14,4.54,1324.61
24,J0M,77.56,189.64,495081.03
24,J0N,0.02,1.24,225.59
24,J0P,0.06,2.47,621.19
24,J0R,0.03,1.17,267.91
24,J0S,0.16,4.72,1536.23
24,J0T,0.76,9.70,6671.14
24,J0V,0.28,6.00,2542.65
24,J0W,2.20,13.96,18972.85
24,J0X,2.39,12.97,21017.16
24,J0Y,7.30,39.99,59036.93
24,J0Z,3.70,21.97,31299.80
24,J1A,0.03,1.48,293.62
24,J1C,5.11505848777e-03,0.47,45.81
24,J1E,1.9409428794e-03,0.24,17.41
24,J1G,1.43963051613e-03,0.25,12.92
24,J1H,4.78691963473e-03,0.72,42.94
24,J1J,1.18378791166e-03,0.22,10.62
24,J1K,9.0011190181e-04,0.16,8.08
24,J1L,1.32299193319e-03,0.23,11.87
24,J1M,3.44004573891e-03,0.35,30.90
24,J1N,0.01,0.60,90.97
24,J1R,6.32053370322e-03,0.59,56.74
24,J1S,0.02,0.92,206.82
24,J1T,5.51027839723e-03,0.54,49.01
24,J1X,0.04,1.20,381.19
24,J1Z,0.02,0.98,178.58
24,J2A,0.01,0.62,102.53
24,J2B,0.01,1.29,127.26
24,J2C,3.05203641531e-03,0.50,27.06
24,J2E,6.85889693666e-04,0.15,6.07
24,J2G,0.01,1.63,130.71
24,J2H,1.59498747658e-03,0.57,14.30
24,J2J,8.94590434971e-04,0.36,8.03
24,J2K,0.01,0.84,166.68
24,J2L,0.01,0.63,120.19
24,J2M,0.01,0.85,124.18
24,J2N,0.01,0.50,90.11
24,J2R,0.01,0.86,127.03
24,J2S,4.33200246215e-03,0.42,38.67
24,J2T,4.40396902775e-03,0.41,39.33
24,J2W,6.34600510962e-03,0.48,57.01
24,J2X,7.22200349347e-03,0.43,64.97
24,J2Y,7.766077533e-03,0.58,69.87
24,J3A,3.64064368944e-04,0.09,3.27
24,J3B,5.30538032453e-03,0.38,47.76
24,J3E,6.03499460292e-03,0.46,53.90
24,J3G,9.11288405322e-03,0.65,81.40
24,J3H,4.70684810468e-03,0.38,42.09
24,J3L,0.02,0.84,182.03
24,J3M,7.04619543291e-03,0.55,63.20
24,J3N,4.22901384166e-03,0.30,37.84
24,J3P,0.01,1.52,90.05
24,J3R,1.41090248554e-03,0.23,12.46
24,J3T,0.01,0.57,100.03
24,J3V,5.14821593881e-03,0.39,46.06
24,J3X,0.01,0.82,95.56
24,J3Y,7.02796318005e-03,0.49,62.94
24,J3Z,6.69993524687e-05,0.04,0.59
24,J4B,7.51970893567e-03,0.82,67.17
24,J4G,9.49338432421e-04,0.28,8.48
24,J4H,5.02186881424e-04,0.14,4.49
24,J4J,7.30128003306e-04,0.15,6.53
24,J4K,7.67319835277e-04,0.22,6.86
24,J4L,8.35498363759e-04,0.15,7.47
24,J4M,7.99298188015e-04,0.16,7.14
24,J4N,8.06044300936e-04,0.14,7.20
24,J4P,3.70862408878e-04,0.11,3.32
24,J4R,4.22921003119e-04,0.16,3.78
24,J4S,1.93944513781e-04,0.14,1.73
24,J4T,5.15818202787e-04,0.10,4.61
24,J4V,5.22142650189e-04,0.15,4.67
24,J4W,6.96543489291e-04,0.23,6.24
24,J4X,6.28680784656e-04,0.16,5.63
24,J4Y,9.9516850761e-04,0.14,8.92
24,J4Z,2.71450971869e-03,0.30,24.34
24,J5A,7.60086553085e-03,0.55,68.31
24,J5B,5.82069740977e-04,0.18,5.22
24,J5C,9.7486993798e-04,0.41,8.75
24,J5J,0.01,0.53,115.11
24,J5K,0.01,0.54,97.52
24,J5L,5.68200422445e-03,0.46,50.49
24,J5M,0.01,0.63,122.56
24,J5R,7.28673125458e-03,0.74,65.42
24,J5T,7.96060705587e-03,0.45,70.55
24,J5V,7.35973636787e-03,0.50,64.64
24,J5W,0.01,1.08,142.68
24,J5X,6.61310084198e-03,0.61,58.69
24,J5Y,1.06232516642e-03,0.17,9.44
24,J5Z,5.85059707865e-03,0.38,52.03
24,J6A,1.84967660949e-03,0.40,16.46
24,J6E,8.40893241275e-03,0.63,74.28
24,J6J,4.05889470116e-03,0.69,36.46
24,J6K,3.63590677483e-03,0.34,32.66
24,J6N,7.91642877553e-03,1.08,71.25
24,J6R,5.30305646138e-03,0.31,47.71
24,J6S,0.01,1.08,93.58
24,J6T,2.15140662683e-03,0.31,19.39
24,J6V,1.9855235725e-03,0.24,17.68
24,J6W,2.09980014402e-03,0.33,18.70
24,J6X,4.45002694675e-03,0.48,39.62
24,J6Y,3.42969757789e-03,0.55,30.55
24,J6Z,1.17268556591e-03,0.17,10.45
24,J7A,1.23185147329e-03,0.24,10.99
24,J7B,7.70901866621e-04,0.14,6.87
24,J7C,4.75194390194e-03,0.33,42.34
24,J7E,3.59027446646e-03,0.61,32.03
24,J7G,1.16483099933e-03,0.27,10.40
24,J7H,3.28802702039e-04,0.12,2.93
24,J7J,0.01,0.76,131.18
24,J7K,9.48406849528e-03,0.62,84.34
24,J7L,1.86886809669e-03,0.19,16.63
24,J7M,5.77192828944e-03,0.49,51.30
24,J7N,0.04,1.50,370.25
24,J7P,1.40815055636e-03,0.26,12.58
24,J7R,7.41828691586e-03,0.60,66.30
24,J7T,0.01,0.93,150.40
24,J7V,0.01,1.33,104.94
24,J7X,1.34635840831e-03,0.21,12.12
24,J7Y,2.96051808383e-03,0.51,26.30
24,J7Z,1.95038999263e-03,0.25,17.34
24,J8A,0.01,0.70,135.78
24,J8B,0.01,0.68,128.00
24,J8C,0.02,1.07,197.92
24,J8E,0.02,1.01,220.90
24,J8G,0.06,1.61,535.37
24,J8H,0.02,1.27,212.69
24,J8L,0.07,1.43,651.06
24,J8M,7.60993752008e-03,0.58,68.06
24,J8N,0.07,1.56,683.87
24,J8P,4.15211476314e-03,0.41,37.19
24,J8R,8.42973645546e-03,0.55,75.42
24,J8T,2.38680146223e-03,0.34,21.38
24,J8V,0.01,0.71,170.20
24,J8X,5.76306175607e-04,0.12,5.16
24,J8Y,1.36284384825e-03,0.22,12.21
24,J8Z,1.09106456438e-03,0.22,9.77
24,J9A,1.48361429995e-03,0.22,13.30
24,J9B,0.01,0.68,124.97
24,J9E,0.06,2.47,573.96
24,J9H,2.78043296511e-03,0.30,24.96
24,J9J,8.81105129935e-03,0.48,79.01
24,J9L,0.08,2.17,736.17
24,J9P,1.16,11.59,9860.00
24,J9T,0.05,1.50,460.96
24,J9V,0.01,0.59,143.67
24,J9X,0.17,4.53,1429.87
24,J9Y,0.02,1.16,218.59
24,J9Z,0.02,0.78,170.56
35,K0A,0.39,9.56,3523.79
35,K0B,0.14,2.50,1303.56
35,K0C,0.28,5.83,2593.80
35,K0E,0.24,7.36,2205.78
35,K0G,0.30,6.40,2811.26
35,K0H,0.62,10.51,5728.15
35,K0J,1.63,14.91,14554.67
35,K0K,0.65,13.34,6063.49
35,K0L,0.84,9.84,7698.00
35,K0M,0.66,6.21,6025.07
35,K1B,2.39044614377e-03,0.29,21.44
35,K1C,2.87680293042e-03,0.45,25.78
35,K1E,7.34944632909e-04,0.20,6.58
35,K1G,6.17899616489e-03,0.58,55.52
35,K1H,7.44862407333e-04,0.13,6.68
35,K1J,1.81115948328e-03,0.28,16.23
35,K1K,1.64084772672e-03,0.28,14.71
35,K1L,4.26616613484e-04,0.13,3.82
35,K1M,5.33494035445e-04,0.11,4.78
35,K1N,6.34471174954e-04,0.14,5.69
35,K1P,4.97115716055e-05,0.03,0.44
35,K1R,3.97302292275e-04,0.09,3.56
35,K1S,1.13939466309e-03,0.17,10.22
35,K1T,5.39005228164e-03,0.42,48.48
35,K1V,5.13704669112e-03,0.40,46.20
35,K1W,6.57922460251e-04,0.12,5.89
35,K1X,4.66460339467e-03,0.43,42.00
35,K1Y,8.70042271712e-04,0.15,7.81
35,K1Z,9.11440015799e-04,0.24,8.18
35,K2A,7.22464935554e-04,0.14,6.48
35,K2B,1.36383109569e-03,0.18,12.25
35,K2C,1.91388909623e-03,0.54,17.20
35,K2E,1.1957318479e-03,0.17,10.74
35,K2G,3.78685231148e-03,0.36,34.06
35,K2H,4.1785981856e-03,0.50,37.56
35,K2J,5.99795499768e-03,0.33,54.04
35,K2K,7.43236647562e-03,0.71,66.77
35,K2L,1.82982625509e-03,0.25,16.46
35,K2M,7.79864345274e-04,0.12,7.02
35,K2P,1.81389620036e-04,0.06,1.62
35,K2R,3.97175949127e-03,0.39,35.75
35,K2S,0.01,0.49,97.65
35,K2T,4.66560353504e-04,0.09,4.19
35,K2V,1.54856272897e-04,0.05,1.39
35,K2W,3.68797728906e-03,0.39,33.13
35,K4A,3.37935214283e-03,0.32,30.28
35,K4B,0.01,0.99,148.97
35,K4C,8.11246885655e-03,0.60,72.64
35,K4K,8.43468158472e-03,0.50,75.43
35,K4M,5.96472737606e-03,0.60,53.80
35,K4P,6.63303138034e-03,0.39,59.77
35,K4R,0.01,0.69,121.78
35,K6A,8.32671725029e-03,0.85,74.40
35,K6H,0.01,1.17,100.81
35,K6J,1.86451572235e-03,0.44,16.89
35,K6K,1.00549123957e-03,0.18,9.10
35,K6T,2.9060842548e-04,0.08,2.65
35,K6V,0.02,1.39,244.04
35,K7A,0.04,1.52,434.64
35,K7C,0.02,0.94,208.51
35,K7G,0.01,1.54,139.39
35,K7H,0.07,1.63,677.56
35,K7K,4.5113846195e-03,0.58,41.68
35,K7L,0.01,1.79,133.50
35,K7M,5.84661042966e-03,0.55,54.04
35,K7N,3.94161703733e-04,0.10,3.64
35,K7P,5.00660391718e-03,0.37,46.23
35,K7R,0.03,2.70,368.92
35,K7S,0.02,1.36,204.27
35,K7V,0.06,2.07,622.09
35,K8A,0.08,2.25,798.04
35,K8B,2.85208206623e-05,0.03,0.25
35,K8H,0.01,0.97,167.61
35,K8N,0.02,2.21,219.73
35,K8P,1.51052824433e-03,0.28,13.98
35,K8R,9.23933302808e-04,0.16,8.56
35,K8V,0.01,1.08,172.28
35,K9A,0.01,0.93,180.65
35,K9H,1.92593578563e-03,0.28,17.76
35,K9J,0.05,3.11,467.51
35,K9K,1.06155269638e-03,0.26,9.80
35,K9L,1.79347216224e-03,0.39,16.53
35,K9V,0.03,1.48,301.09
35,L0A,0.06,2.19,631.78
35,L0B,0.06,2.80,562.66
35,L0C,0.04,1.74,386.22
35,L0E,0.07,1.92,729.14
35,L0G,0.08,2.55,782.70
35,L0H,9.85423020511e-03,0.97,91.79
35,L0J,5.22013467253e-03,0.35,48.72
35,L0K,0.21,7.29,2000.96
35,L0L,0.15,4.58,1402.46
35,L0M,0.09,2.29,918.03
35,L0N,0.09,2.96,928.89
35,L0P,0.03,1.98,285.77
35,L0R,0.12,3.88,1158.89
35,L0S,0.06,3.58,651.85
35,L1A,0.02,0.86,191.60
35,L1B,9.4276565001e-03,0.63,87.84
35,L1C,0.01,0.90,169.29
35,L1E,4.36523823012e-03,0.45,40.70
35,L1G,1.95110190015e-03,0.28,18.17
35,L1H,9.96550152544e-03,0.66,92.74
35,L1J,2.60430954651e-03,0.31,24.28
35,L1K,1.58197353751e-03,0.19,14.73
35,L1L,4.07004162517e-04,0.08,3.78
35,L1M,4.86559872977e-03,0.36,45.29
35,L1N,3.68729197036e-03,0.35,34.40
35,L1P,2.51694874971e-03,0.25,23.47
35,L1R,2.32297132763e-03,0.24,21.64
35,L1S,2.36604183008e-03,0.24,22.09
35,L1T,2.61435417952e-03,0.23,24.38
35,L1V,4.00067867587e-03,0.64,37.34
35,L1W,1.65253593163e-03,0.29,15.43
35,L1X,2.69600396151e-03,0.38,25.15
35,L1Y,0.01,0.63,98.01
35,L1Z,2.78624278846e-03,0.28,25.99
35,L2A,5.09043051113e-03,0.46,48.64
35,L2E,0.01,1.25,134.97
35,L2G,2.52835723123e-03,0.35,24.06
35,L2H,1.47712123514e-03,0.16,14.05
35,L2J,1.27038229269e-03,0.16,12.07
35,L2M,1.72543357987e-03,0.28,16.37
35,L2N,1.68053149779e-03,0.20,15.94
35,L2P,8.75537989608e-04,0.15,8.31
35,L2R,6.57649561767e-03,0.62,62.49
35,L2S,1.15540386334e-03,0.17,10.97
35,L2T,1.06273710707e-03,0.18,10.10
35,L2V,2.50448345839e-03,0.33,23.80
35,L2W,1.31586077072e-04,0.05,1.24
35,L3B,0.01,1.26,134.11
35,L3C,2.46018162825e-03,0.27,23.45
35,L3K,0.01,0.90,113.53
35,L3M,6.25558728633e-03,0.45,59.38
35,L3P,3.78430162933e-03,0.41,35.27
35,L3R,4.11184231092e-03,0.38,38.38
35,L3S,1.90565100477e-03,0.22,17.78
35,L3T,2.37000890592e-03,0.23,22.13
35,L3V,0.06,1.98,569.73
35,L3X,2.1150900652e-03,0.29,19.64
35,L3Y,0.01,1.01,110.25
35,L3Z,0.01,0.83,156.99
35,L4A,0.01,0.75,173.80
35,L4B,1.72998600084e-03,0.20,16.14
35,L4C,2.69974341494e-03,0.24,25.19
35,L4E,5.11733025656e-03,0.29,47.66
35,L4G,5.46251232653e-03,0.30,50.80
35,L4H,2.70926306624e-03,0.54,25.29
35,L4J,2.45756225381e-03,0.26,22.96
35,L4K,3.6918039562e-03,0.41,34.50
35,L4L,9.40090623296e-03,0.87,87.83
35,L4M,0.01,1.53,137.20
35,L4N,8.06242095765e-03,0.55,74.30
35,L4P,8.95101886415e-03,0.53,82.74
35,L4R,0.01,1.00,114.02
35,L4S,1.94123017123e-03,0.24,18.09
35,L4T,2.38558110218e-03,0.30,22.34
35,L4V,2.80105720639e-05,0.02,0.26
35,L4W,2.0935403294e-03,0.22,19.64
35,L4X,7.14709241343e-04,0.15,6.71
35,L4Y,8.54939100977e-04,0.14,8.03
35,L4Z,1.68574364623e-03,0.20,15.82
35,L5A,9.69027749394e-04,0.15,9.10
35,L5B,1.08168569205e-03,0.15,10.16
35,L5C,1.32411449836e-03,0.20,12.44
35,L5E,8.85049749094e-04,0.20,8.31
35,L5G,8.37790633545e-04,0.17,7.87
35,L5H,1.1887995733e-03,0.26,11.18
35,L5J,2.10343100683e-03,0.29,19.80
35,L5K,7.05707217886e-04,0.13,6.64
35,L5L,1.94037544524e-03,0.20,18.25
35,L5M,3.01512058377e-03,0.26,28.34
35,L5N,3.35735776732e-03,0.31,31.54
35,L5R,1.01411310947e-03,0.15,9.52
35,L5S,1.07036135839e-03,0.17,10.03
35,L5T,2.99135177646e-03,0.25,28.04
35,L5V,1.29090002486e-03,0.19,12.12
35,L5W,1.31027346937e-03,0.18,12.29
35,L6A,7.02660689903e-03,0.39,65.54
35,L6B,5.20157655435e-03,0.38,48.49
35,L6C,5.36872929111e-03,0.29,50.04
35,L6E,9.15615351228e-04,0.14,8.53
35,L6G,3.46006874259e-06,9.19441324649e-03,0.03
35,L6H,4.3037160946e-03,0.37,40.54
35,L6J,2.07151071864e-03,0.26,19.51
35,L6K,6.8049528845e-04,0.13,6.41
35,L6L,2.26602945674e-03,0.23,21.39
35,L6M,6.09622271011e-03,0.40,57.48
35,L6P,5.3845586849e-03,0.34,50.33
35,L6R,2.52254368626e-03,0.21,23.60
35,L6S,2.38218805632e-03,0.22,22.29
35,L6T,4.1027982199e-03,0.43,38.42
35,L6V,9.82181829308e-04,0.13,9.20
35,L6W,1.65839701603e-03,0.21,15.54
35,L6X,2.85853519569e-03,0.25,26.80
35,L6Y,4.34869892552e-03,0.29,40.80
35,L6Z,1.50744326737e-03,0.19,14.11
35,L7A,4.07455693218e-03,0.28,38.18
35,L7B,0.01,0.56,105.16
35,L7C,0.03,0.81,322.40
35,L7E,0.01,0.66,151.64
35,L7G,0.01,0.78,151.79
35,L7J,0.01,0.72,176.85
35,L7K,0.02,0.83,250.18
35,L7L,2.61750490262e-03,0.24,24.72
35,L7M,1.85087125046e-03,0.19,17.48
35,L7N,7.39096613454e-04,0.11,6.98
35,L7P,1.88162255472e-03,0.31,17.78
35,L7R,5.16949919938e-03,0.65,48.83
35,L7S,3.64926084321e-04,0.11,3.45
35,L7T,2.03502148395e-03,0.32,19.25
35,L8E,3.72548902561e-03,0.41,35.32
35,L8G,1.056740911e-03,0.24,10.02
35,L8H,2.00004301159e-03,0.21,18.94
35,L8J,7.4456035162e-03,0.46,70.67
35,L8K,1.31354868164e-03,0.22,12.45
35,L8L,3.12399732265e-03,0.27,29.58
35,L8M,3.31308483738e-04,0.09,3.14
35,L8N,1.91979193947e-04,0.11,1.81
35,L8P,6.45274667731e-04,0.17,6.11
35,L8R,5.25752252569e-04,0.14,4.97
35,L8S,9.58192715472e-04,0.18,9.07
35,L8T,7.0320519483e-04,0.12,6.66
35,L8V,6.08382093748e-04,0.11,5.76
35,L8W,1.48180313738e-03,0.23,14.06
35,L9A,8.12784122592e-04,0.13,7.70
35,L9B,9.46282524235e-04,0.21,8.97
35,L9C,1.42138942518e-03,0.19,13.47
35,L9G,9.26112569272e-03,0.61,87.90
35,L9H,0.01,0.78,108.16
35,L9K,8.55691064097e-04,0.13,8.11
35,L9L,0.02,1.08,259.44
35,L9M,0.02,1.55,204.84
35,L9N,4.37323138473e-03,0.35,40.54
35,L9P,0.02,1.29,262.52
35,L9R,0.01,0.89,154.63
35,L9S,0.02,0.99,203.77
35,L9T,0.02,0.85,211.75
35,L9V,9.55857602322e-04,0.13,8.89
35,L9W,0.04,1.36,411.02
35,L9Y,0.01,0.92,117.27
35,L9Z,6.78829316676e-03,0.56,62.34
35,M1B,2.59848007975e-03,0.30,24.28
35,M1C,1.60019215115e-03,0.23,14.96
35,M1E,1.84261007277e-03,0.30,17.23
35,M1G,9.19731955107e-04,0.18,8.60
35,M1H,6.2978039814e-04,0.13,5.89
35,M1J,6.8755509562e-04,0.15,6.43
35,M1K,1.05180254596e-03,0.17,9.84
35,M1L,9.202243415e-04,0.16,8.62
35,M1M,9.96175339005e-04,0.21,9.32
35,M1N,6.64368743914e-04,0.14,6.22
35,M1P,1.23528231601e-03,0.18,11.55
35,M1R,1.00973691662e-03,0.18,9.44
35,M1S,1.51720905607e-03,0.17,14.18
35,M1T,7.01622160558e-04,0.13,6.56
35,M1V,1.5837528459e-03,0.18,14.79
35,M1W,1.02658322133e-03,0.17,9.59
35,M1X,2.09850279027e-03,0.24,19.59
35,M2H,8.48748077797e-04,0.17,7.93
35,M2J,1.13359375855e-03,0.15,10.60
35,M2K,6.38014858179e-04,0.14,5.96
35,M2L,5.71834362063e-04,0.19,5.35
35,M2M,8.3404244903e-04,0.17,7.79
35,M2N,1.08927496717e-03,0.16,10.18
35,M2P,2.98108068177e-04,0.09,2.78
35,M2R,7.96132110371e-04,0.15,7.44
35,M3A,9.00620510625e-04,0.16,8.42
35,M3B,8.2644114387e-04,0.21,7.73
35,M3C,9.46870434157e-04,0.25,8.86
35,M3H,1.46507295214e-03,0.26,13.70
35,M3J,1.07654543964e-03,0.20,10.07
35,M3K,6.07245561262e-04,0.13,5.68
35,M3L,5.76440238293e-04,0.13,5.39
35,M3M,7.16582672205e-04,0.20,6.70
35,M3N,9.54426787826e-04,0.16,8.93
35,M4A,4.88170397184e-04,0.15,4.57
35,M4B,4.9908499886e-04,0.11,4.67
35,M4C,5.85651041094e-04,0.12,5.48
35,M4E,4.14809759866e-04,0.11,3.88
35,M4G,6.79799890305e-04,0.14,6.36
35,M4H,1.5419779203e-04,0.05,1.44
35,M4J,5.74142344544e-04,0.12,5.38
35,M4K,4.61596185465e-04,0.12,4.32
35,M4L,5.44056575883e-04,0.17,5.10
35,M4M,6.71238812937e-04,0.15,6.29
35,M4N,6.97001417545e-04,0.20,6.52
35,M4P,2.26942922054e-04,0.08,2.12
35,M4R,2.04907171773e-04,0.07,1.91
35,M4S,2.95929616712e-04,0.08,2.77
35,M4T,2.32777611782e-04,0.06,2.18
35,M4V,3.06414847758e-04,0.07,2.87
35,M4W,5.20155981039e-04,0.17,4.87
35,M4X,1.07817341385e-04,0.05,1.01
35,M4Y,1.02788690042e-04,0.06,0.96
35,M5A,7.45305299651e-04,0.42,6.99
35,M5B,7.7837853866e-05,0.04,0.73
35,M5C,3.26012746917e-05,0.02,0.30
35,M5E,7.27910027638e-05,0.03,0.68
35,M5G,6.51295138943e-05,0.04,0.61
35,M5H,3.57908654436e-05,0.03,0.33
35,M5J,4.43975829753e-04,0.42,4.16
35,M5M,6.08221989906e-04,0.13,5.69
35,M5N,2.96223683073e-04,0.09,2.77
35,M5P,3.67101102793e-04,0.12,3.44
35,M5R,2.84080554247e-04,0.09,2.66
35,M5S,2.16317309248e-04,0.08,2.02
35,M5T,1.70374611119e-04,0.06,1.59
35,M5V,3.02300227901e-04,0.14,2.83
35,M6A,5.07756903335e-04,0.13,4.75
35,M6B,7.02729224318e-04,0.19,6.58
35,M6C,3.61715597679e-04,0.11,3.38
35,M6E,5.66499912827e-04,0.11,5.30
35,M6G,4.14788224074e-04,0.10,3.88
35,M6H,5.51375928516e-04,0.11,5.17
35,M6J,3.37972112706e-04,0.08,3.17
35,M6K,4.22422329549e-04,0.20,3.96
35,M6L,5.55622387609e-04,0.11,5.20
35,M6M,8.91418947667e-04,0.15,8.35
35,M6N,9.39305858094e-04,0.17,8.80
35,M6P,4.19975429417e-04,0.09,3.93
35,M6R,4.2607350972e-04,0.16,3.99
35,M6S,8.03496110353e-04,0.17,7.53
35,M8V,7.83646026737e-04,0.24,7.35
35,M8W,8.96669651398e-04,0.17,8.42
35,M8X,3.4912603109e-04,0.11,3.27
35,M8Y,6.07878545026e-04,0.16,5.70
35,M8Z,1.01550499263e-03,0.22,9.53
35,M9A,1.16925372019e-03,0.17,10.96
35,M9B,1.37120333236e-03,0.17,12.86
35,M9C,1.42367128685e-03,0.25,13.35
35,M9L,6.54101489178e-04,0.14,6.12
35,M9M,8.09969630494e-04,0.21,7.58
35,M9N,4.96976166829e-04,0.10,4.65
35,M9P,7.17199624743e-04,0.13,6.72
35,M9R,8.64544433166e-04,0.15,8.10
35,M9V,1.48875655935e-03,0.25,13.93
35,M9W,3.49479315139e-03,0.46,32.73
35,N0A,0.11,2.94,1081.48
35,N0B,0.21,9.89,2062.88
35,N0C,0.17,2.86,1580.96
35,N0E,0.14,8.15,1400.35
35,N0G,0.62,8.18,5777.89
35,N0H,0.37,12.08,3416.78
35,N0J,0.15,5.82,1499.78
35,N0K,0.17,3.99,1667.64
35,N0L,0.24,4.87,2304.64
35,N0M,0.41,6.61,3957.73
35,N0N,0.17,3.22,1644.75
35,N0P,0.31,9.20,3027.40
35,N0R,0.08,3.75,779.79
35,N1A,0.02,1.27,278.42
35,N1C,6.9249590551e-04,0.13,6.52
35,N1E,2.54579017934e-03,0.26,23.93
35,N1G,2.93989987621e-03,0.26,27.67
35,N1H,0.02,1.69,223.71
35,N1K,3.9352980699e-04,0.13,3.70
35,N1L,1.28599152251e-03,0.16,12.11
35,N1M,0.01,0.80,113.79
35,N1P,2.22830237835e-04,0.09,2.10
35,N1R,0.01,1.28,182.60
35,N1S,1.18245011121e-03,0.15,11.17
35,N1T,1.30987989597e-03,0.15,12.36
35,N2A,1.57006568404e-03,0.19,14.80
35,N2B,1.21415826054e-03,0.18,11.44
35,N2C,1.13779296366e-03,0.17,10.73
35,N2E,1.48954261653e-03,0.21,14.05
35,N2G,6.57986462416e-04,0.18,6.20
35,N2H,9.01903844901e-04,0.17,8.50
35,N2J,4.50767698329e-03,0.66,42.44
35,N2K,2.15132941651e-03,0.30,20.26
35,N2L,1.74398183503e-03,0.23,16.43
35,N2M,1.22424488884e-03,0.21,11.54
35,N2N,1.12874733282e-03,0.16,10.64
35,N2P,2.38371109701e-03,0.26,22.50
35,N2R,2.97040695952e-03,0.30,28.05
35,N2T,8.92807773347e-04,0.15,8.41
35,N2V,1.59456951471e-03,0.39,15.02
35,N2Z,0.02,1.06,231.73
35,N3A,0.01,0.86,174.52
35,N3B,0.01,0.62,110.20
35,N3C,8.17011107525e-03,0.69,77.05
35,N3E,2.34228325161e-04,0.06,2.21
35,N3H,5.69951607715e-03,0.61,53.77
35,N3L,0.01,1.01,158.81
35,N3P,4.10258860772e-04,0.08,3.89
35,N3R,2.06173618163e-03,0.28,19.57
35,N3S,1.97314521108e-03,0.26,18.75
35,N3T,0.03,1.93,328.24
35,N3V,6.39757465984e-05,0.03,0.60
35,N3W,0.02,1.10,257.01
35,N3Y,0.03,1.21,327.36
35,N4B,0.01,0.77,145.61
35,N4G,0.02,1.15,232.80
35,N4K,0.04,1.69,408.42
35,N4L,0.03,1.08,299.13
35,N4N,0.01,0.85,158.09
35,N4S,0.03,1.70,326.64
35,N4T,5.7566081924e-04,0.16,5.46
35,N4V,2.27104970559e-04,0.10,2.15
35,N4W,0.03,1.28,289.99
35,N4X,0.03,1.18,297.49
35,N4Z,6.044767351e-05,0.05,0.57
35,N5A,0.02,1.44,238.46
35,N5C,0.01,0.92,155.41
35,N5H,0.03,1.25,326.19
35,N5L,7.59881753738e-03,0.81,73.03
35,N5P,0.02,1.41,280.61
35,N5R,2.72954682729e-03,0.31,26.18
35,N5V,4.91918585999e-03,0.36,46.88
35,N5W,1.86967853531e-03,0.31,17.83
35,N5X,2.99050941735e-03,0.31,28.48
35,N5Y,1.1113433782e-03,0.17,10.59
35,N5Z,1.15136130562e-03,0.16,10.98
35,N6A,6.59442578633e-04,0.16,6.28
35,N6B,3.47882538504e-04,0.11,3.31
35,N6C,1.48870008659e-03,0.22,14.21
35,N6E,2.8857993846e-03,0.36,27.57
35,N6G,2.94100447741e-03,0.25,28.03
35,N6H,4.71944736027e-03,0.45,45.01
35,N6J,1.20494683726e-03,0.18,11.50
35,N6K,3.33930017358e-03,0.40,31.87
35,N6L,4.4787724671e-03,0.45,42.85
35,N6M,3.56058186639e-03,0.46,33.98
35,N6N,7.56309804414e-03,0.53,72.30
35,N6P,0.01,0.65,105.09
35,N7A,0.03,1.61,304.90
35,N7G,0.02,1.09,255.07
35,N7L,2.33658787116e-03,0.36,22.60
35,N7M,0.03,1.93,358.42
35,N7S,1.82675983836e-03,0.18,17.42
35,N7T,0.01,0.97,153.60
35,N7V,9.38668982134e-04,0.16,8.95
35,N7W,1.21387439557e-03,0.16,11.58
35,N7X,2.3689803579e-04,0.12,2.25
35,N8A,0.03,1.77,302.62
35,N8H,0.01,0.91,185.36
35,N8M,0.01,1.05,177.25
35,N8N,5.20777372243e-03,0.69,50.54
35,N8P,5.84450746463e-04,0.11,5.66
35,N8R,5.95998991325e-04,0.11,5.78
35,N8S,1.04532395982e-03,0.35,10.13
35,N8T,1.25787178332e-03,0.17,12.20
35,N8W,1.90595820445e-03,0.26,18.50
35,N8X,9.19995757851e-04,0.19,8.92
35,N8Y,8.51788248962e-04,0.15,8.26
35,N9A,2.64817771304e-03,0.53,25.73
35,N9B,7.57881036317e-04,0.14,7.35
35,N9C,1.47470341783e-03,0.24,14.31
35,N9E,1.52893604233e-03,0.23,14.84
35,N9G,1.09830378021e-03,0.17,10.67
35,N9H,1.86331256572e-03,0.23,18.11
35,N9J,4.69526275375e-03,0.84,45.65
35,N9K,4.32994630139e-04,0.14,4.20
35,N9V,0.01,1.14,152.14
35,N9Y,0.01,0.74,100.73
35,P0A,0.55,6.97,4994.32
35,P0B,0.09,2.81,873.45
35,P0C,0.12,10.35,1156.55
35,P0E,0.05,7.14,510.56
35,P0G,0.25,14.62,2253.30
35,P0H,1.52,16.34,13314.32
35,P0J,1.19,9.35,10093.15
35,P0K,1.41,12.49,11693.54
35,P0L,33.11,36.41,251031.73
35,P0M,7.96,33.77,67029.97
35,P0N,0.24,3.70,2000.22
35,P0P,0.67,29.75,6003.24
35,P0R,0.91,14.01,7973.97
35,P0S,2.11,19.77,18092.02
35,P0T,14.45,58.33,116626.36
35,P0V,38.75,45.96,284853.01
35,P0W,0.51,22.44,4193.73
35,P0X,1.14,32.33,9240.19
35,P0Y,0.01,0.45,93.30
35,P1A,6.59796211231e-03,0.56,57.92
35,P1B,0.09,2.96,800.57
35,P1C,1.58705535661e-04,0.07,1.39
35,P1H,0.09,2.09,857.85
35,P1L,0.08,1.71,783.68
35,P1P,0.04,1.48,386.03
35,P2A,0.13,3.45,1219.15
35,P2B,0.06,1.89,558.53
35,P2N,0.17,4.52,1441.60
35,P3A,4.83282944419e-03,0.48,42.16
35,P3B,2.88243322986e-03,0.31,25.17
35,P3C,3.27287742307e-03,0.38,28.56
35,P3E,0.12,3.10,1137.37
35,P3G,0.02,1.86,245.15
35,P3L,0.02,1.30,250.29
35,P3N,0.01,0.56,97.03
35,P3P,0.05,1.45,502.27
35,P3Y,0.01,0.66,136.18
35,P4N,0.50,5.85,4167.20
35,P4P,2.23257214492e-04,0.07,1.85
35,P4R,1.49693573931e-03,0.27,12.42
35,P5A,0.10,1.96,939.90
35,P5E,0.01,0.80,141.15
35,P5N,0.21,2.87,1716.64
35,P6A,0.17,4.73,1544.76
35,P6B,2.50438303549e-03,0.29,21.84
35,P6C,2.39531122064e-03,0.36,20.88
35,P7A,2.80535467267e-03,0.39,23.28
35,P7B,0.84,7.55,6889.36
35,P7C,0.10,4.18,870.27
35,P7E,1.69864968396e-03,0.24,14.13
35,P7G,1.46,7.84,11417.84
35,P7J,0.01,0.79,112.46
35,P7K,4.28527504838e-03,0.39,35.65
35,P8N,1.31,10.63,10296.49
35,P8T,0.27,4.89,2176.69
35,P9A,0.34,4.70,2873.17
35,P9N,0.74,38.84,5880.21
46,R0A,1.04,11.24,8506.41
46,R0B,65.43,57.50,439033.62
46,R0C,4.12,20.88,31680.63
46,R0E,4.61,15.72,35940.12
46,R0G,1.30,10.95,10596.32
46,R0H,1.08,14.49,8550.33
46,R0J,1.70,12.16,13368.18
46,R0K,1.41,14.28,11445.04
46,R0L,5.32,18.52,40320.78
46,R0M,1.45,8.23,11723.96
46,R1A,0.04,1.49,394.73
46,R1B,9.32810503954e-07,4.11658769702e-03,7.42247292933e-03
46,R1N,0.15,3.92,1205.95
46,R2C,0.01,1.09,151.07
46,R2E,5.88660584991e-03,0.45,46.97
46,R2G,1.87411435648e-03,0.25,14.96
46,R2H,7.68253918739e-04,0.17,6.14
46,R2J,2.68719379765e-03,0.45,21.50
46,R2K,1.43240775616e-03,0.20,11.44
46,R2L,5.81467888877e-04,0.16,4.64
46,R2M,1.98078874357e-03,0.34,15.86
46,R2N,5.03206077117e-03,0.44,40.35
46,R2P,3.28443090843e-03,0.33,26.21
46,R2R,1.95190374603e-03,0.24,15.59
46,R2V,2.56062891587e-03,0.31,20.44
46,R2W,9.12093921839e-04,0.17,7.28
46,R2X,9.47827739362e-04,0.14,7.57
46,R2Y,2.49638997838e-03,0.23,19.95
46,R3A,9.71479521755e-04,0.20,7.77
46,R3B,3.28308001346e-04,0.16,2.62
46,R3C,0.02,1.70,212.87
46,R3E,1.10465722937e-03,0.19,8.83
46,R3G,7.4256628991e-04,0.13,5.93
46,R3H,1.91622246488e-06,6.44867131759e-03,0.01
46,R3J,3.21708135194e-03,0.31,25.72
46,R3K,1.36249227878e-03,0.22,10.90
46,R3L,7.37905618184e-04,0.15,5.90
46,R3M,7.62973503871e-04,0.13,6.10
46,R3N,7.94633398284e-04,0.14,6.35
46,R3P,2.81265121059e-03,0.31,22.52
46,R3R,2.28894179721e-03,0.30,18.32
46,R3S,3.19388662165e-03,0.28,25.58
46,R3T,3.30582660893e-03,0.39,26.49
46,R3V,4.37857650135e-03,0.40,35.14
46,R3W,9.00856565394e-04,0.15,7.20
46,R3X,3.55034859566e-03,0.40,28.44
46,R3Y,3.64684634398e-03,0.33,29.23
46,R4A,0.01,0.46,80.11
46,R4H,0.01,0.60,82.70
46,R4J,3.84992479495e-03,0.28,30.82
46,R4K,0.01,1.34,116.82
46,R4L,0.01,1.19,92.25
46,R5A,0.01,0.99,127.26
46,R5G,0.03,1.81,283.37
46,R5H,0.05,2.30,402.67
46,R6M,0.05,1.83,480.20
46,R6W,0.04,1.23,378.89
46,R7A,0.13,3.51,1095.88
46,R7B,1.92057967487e-03,0.24,15.37
46,R7C,1.21832826087e-03,0.21,9.74
46,R7N,0.14,3.05,1147.27
46,R8A,0.67,4.57,4696.71
46,R8N,1.08,7.68,7421.63
46,R9A,1.02,9.01,7448.83
47,S0A,4.68,24.08,35910.82
47,S0C,2.63,17.86,21387.67
47,S0E,4.47,17.98,32827.33
47,S0G,4.76,31.03,37418.76
47,S0H,4.11,22.38,32844.88
47,S0J,35.93,57.54,235610.26
47,S0K,4.33,29.11,32571.30
47,S0L,3.84,17.36,29473.47
47,S0M,14.76,43.93,101327.61
47,S0N,4.92,17.19,39391.20
47,S0P,3.49,10.82,24471.71
47,S2V,6.80572228252e-03,0.86,53.34
47,S3N,0.16,4.62,1307.86
47,S4A,0.10,2.47,848.83
47,S4H,0.10,1.61,869.75
47,S4L,2.52328698425e-03,0.46,19.88
47,S4N,6.17859315214e-03,0.65,48.68
47,S4P,0.11,4.99,934.05
47,S4R,2.82507421216e-03,0.36,22.24
47,S4S,7.21062293322e-03,0.77,56.91
47,S4T,4.38242894775e-03,0.56,34.57
47,S4V,4.00376199382e-03,0.41,31.59
47,S4X,2.83777253099e-03,0.39,22.35
47,S4Y,3.29431373553e-04,0.07,2.59
47,S4Z,5.73575321416e-06,0.01,0.04
47,S6H,0.12,3.97,961.61
47,S6J,7.1425447897e-04,0.20,5.63
47,S6K,3.78581916169e-04,0.08,2.98
47,S6V,0.56,7.26,4072.98
47,S6X,1.34469678616e-04,0.05,0.98
47,S7H,5.25209308252e-03,0.68,39.64
47,S7J,1.8380759942e-03,0.34,13.86
47,S7K,0.24,9.24,1852.44
47,S7L,4.13096255237e-03,0.51,31.11
47,S7M,3.19614643015e-03,0.32,24.09
47,S7N,1.93654954262e-03,0.31,14.59
47,S7P,5.29629539215e-04,0.15,3.97
47,S7R,1.92703177537e-04,0.06,1.45
47,S7S,9.28647272357e-04,0.15,6.99
47,S7T,9.76398079156e-03,0.47,73.74
47,S7V,9.55257428262e-04,0.13,7.20
47,S7W,5.43268540503e-04,0.12,4.09
47,S9A,0.10,3.25,798.45
47,S9H,0.13,4.44,1081.66
47,S9V,0.16,2.74,1196.13
47,S9X,0.55,4.46,3961.07
48,T0A,4.86,23.62,34122.26
48,T0B,3.97,33.72,29247.03
48,T0C,2.59,30.50,19340.09
48,T0E,6.20,37.02,44931.84
48,T0G,10.18,35.24,69358.56
48,T0H,25.64,44.95,166539.98
48,T0J,5.20,32.17,40420.14
48,T0K,3.43,26.82,27777.20
48,T0L,3.33,30.48,26142.12
48,T0M,3.17,31.32,23975.96
48,T0P,5.62,16.72,34826.57
48,T0V,7.90469107939e-03,0.61,47.86
48,T1A,0.41,11.90,3320.24
48,T1B,4.26953583496e-03,0.49,34.05
48,T1C,5.02412715786e-03,0.55,39.98
48,T1G,0.17,4.69,1379.86
48,T1H,4.31237708389e-03,0.32,34.63
48,T1J,0.07,3.84,578.96
48,T1K,9.81529692535e-03,0.88,78.99
48,T1L,0.05,1.65,449.83
48,T1M,0.06,2.47,527.56
48,T1P,0.13,3.04,1009.01
48,T1R,0.12,2.72,1002.31
48,T1S,0.05,1.70,435.46
48,T1V,0.12,3.83,961.64
48,T1W,0.28,4.17,2179.65
48,T1X,2.06053805047e-03,0.29,15.98
48,T1Y,2.8003223551e-03,0.29,21.70
48,T2A,2.66637201592e-03,0.33,20.68
48,T2B,2.23095925697e-03,0.26,17.31
48,T2C,5.69581071315e-03,0.53,44.26
48,T2E,5.55152637748e-03,0.41,43.01
48,T2G,2.13461757642e-03,0.27,16.56
48,T2H,1.15071534969e-03,0.20,8.93
48,T2J,0.03,1.35,283.51
48,T2K,1.85526815726e-03,0.25,14.37
48,T2L,8.57758631765e-04,0.15,6.64
48,T2M,0.01,0.98,148.06
48,T2N,1.45467365094e-03,0.25,11.28
48,T2P,0.06,2.82,543.08
48,T2R,1.68473480372e-04,0.08,1.30
48,T2S,7.397533791e-04,0.16,5.74
48,T2T,1.17086479797e-03,0.22,9.08
48,T2V,2.39678300907e-03,0.28,18.62
48,T2W,2.59599939133e-03,0.29,20.19
48,T2X,1.96586368584e-03,0.22,15.30
48,T2Y,2.96630856074e-03,0.30,23.09
48,T2Z,3.47109737404e-03,0.37,27.01
48,T3A,2.93418351856e-03,0.45,22.71
48,T3B,3.52599735743e-03,0.48,27.32
48,T3C,1.28143101205e-03,0.26,9.93
48,T3E,7.65492663407e-03,0.66,59.50
48,T3G,2.7203724677e-03,0.29,21.05
48,T3H,4.75651674061e-03,0.38,36.90
48,T3J,4.71760140671e-03,0.36,36.51
48,T3K,5.83130542143e-03,0.47,45.12
48,T3L,6.60425000169e-03,0.66,51.10
48,T3M,3.23584216575e-03,0.29,25.21
48,T3N,2.82612175227e-03,0.32,21.85
48,T3P,3.22470799959e-03,0.32,24.91
48,T3R,0.01,0.77,112.99
48,T3Z,0.09,3.00,753.56
48,T4A,1.09822767894e-03,0.17,8.46
48,T4B,0.06,2.49,494.56
48,T4C,0.16,4.29,1293.07
48,T4E,3.46299516753e-03,0.52,26.03
48,T4G,0.12,5.20,976.47
48,T4H,0.10,3.37,831.81
48,T4J,0.14,3.84,1062.89
48,T4L,0.11,2.81,862.57
48,T4N,0.10,4.36,782.55
48,T4P,2.60004552572e-03,0.38,19.50
48,T4R,1.8726536907e-03,0.32,14.07
48,T4S,0.03,2.32,270.76
48,T4T,0.61,7.84,4628.83
48,T4V,0.08,3.46,639.24
48,T4X,1.42058419505e-03,0.15,10.35
48,T5A,1.82124138225e-03,0.26,13.19
48,T5B,8.8755474704e-03,0.75,64.05
48,T5C,7.95404528825e-04,0.12,5.76
48,T5E,0.01,1.24,134.39
48,T5G,1.06082081644e-03,0.16,7.68
48,T5H,9.80101386633e-04,0.20,7.10
48,T5J,7.06535185428e-04,0.16,5.11
48,T5K,6.28431888836e-04,0.18,4.55
48,T5L,2.91493367852e-03,0.42,21.09
48,T5M,1.46795322383e-03,0.24,10.64
48,T5N,8.99228139765e-04,0.20,6.52
48,T5P,1.28742848638e-03,0.19,9.33
48,T5R,1.75900347624e-03,0.19,12.76
48,T5S,4.27554683023e-03,0.33,30.99
48,T5T,4.55012368187e-03,0.36,33.03
48,T5V,1.500402681e-03,0.17,10.87
48,T5W,2.09086024532e-03,0.25,15.15
48,T5X,2.12581968471e-03,0.21,15.38
48,T5Y,0.01,0.65,98.91
48,T5Z,2.07256916537e-03,0.19,14.99
48,T6A,1.49631404017e-03,0.26,10.85
48,T6B,2.05393728477e-03,0.29,14.91
48,T6C,1.30389678306e-03,0.24,9.46
48,T6E,1.4867798569e-03,0.30,10.79
48,T6G,1.02184355531e-03,0.18,7.41
48,T6H,0.02,1.58,156.91
48,T6J,3.49374175444e-03,0.35,25.40
48,T6K,2.56151491681e-03,0.24,18.62
48,T6L,2.70242742932e-03,0.24,19.64
48,T6M,5.5842449497e-03,0.51,40.60
48,T6N,7.08015733918e-04,0.10,5.11
48,T6P,2.70570316746e-03,0.28,19.64
48,T6R,4.15496829852e-03,0.50,30.21
48,T6S,2.85669870016e-03,0.37,20.69
48,T6T,2.19365200497e-03,0.23,15.94
48,T6V,2.50342327733e-03,0.26,18.12
48,T6W,4.72985395797e-03,0.36,34.43
48,T6X,5.90731174824e-03,0.43,43.00
48,T7A,0.24,6.74,1818.00
48,T7E,1.17,9.26,8520.86
48,T7N,0.19,5.26,1363.17
48,T7P,0.13,3.33,953.44
48,T7S,0.69,7.61,4929.88
48,T7V,0.37,6.59,2732.31
48,T7X,0.04,1.21,313.20
48,T7Y,0.02,1.34,207.41
48,T7Z,0.07,1.86,512.89
48,T8A,0.01,1.29,132.12
48,T8B,0.01,0.58,104.39
48,T8C,0.01,0.60,112.01
48,T8E,0.04,1.37,290.44
48,T8G,0.04,1.51,317.61
48,T8H,2.44492111191e-03,0.31,17.72
48,T8L,0.06,2.29,483.08
48,T8N,0.04,1.28,329.81
48,T8R,0.06,2.05,449.53
48,T8S,0.35,7.75,2379.66
48,T8V,0.11,3.51,795.56
48,T8W,2.78807688617e-03,0.51,19.34
48,T8X,1.04414475977e-03,0.22,7.23
48,T9A,0.12,3.00,901.68
48,T9C,0.09,4.61,709.18
48,T9E,0.06,2.58,502.64
48,T9G,1.67709603403e-03,0.24,12.22
48,T9H,9.52,25.02,61518.62
48,T9J,0.10,1.84,699.39
48,T9K,0.75,6.80,5089.20
48,T9M,0.37,3.97,2675.60
48,T9N,0.20,4.90,1482.51
48,T9S,0.31,4.18,2232.74
48,T9V,0.09,3.27,670.26
48,T9W,0.17,3.14,1268.20
48,T9X,0.20,3.69,1521.20
59,V0A,2.90,16.23,22408.94
59,V0B,2.47,18.69,19919.28
59,V0C,33.08,56.72,210782.45
59,V0E,6.41,27.42,49141.71
59,V0G,2.22,15.77,17719.81
59,V0H,1.24,9.86,10118.06
59,V0J,36.36,56.29,247270.97
59,V0K,4.50,26.94,34860.31
59,V0L,6.50,29.56,49055.26
59,V0M,0.53,6.92,4286.86
59,V0N,5.38,76.68,41898.74
59,V0P,3.13,70.37,24572.30
59,V0R,0.97,35.51,7967.55
59,V0S,0.12,3.65,1055.01
59,V0T,3.58,78.98,25886.75
59,V0V,1.59,44.14,11391.92
59,V0W,6.33,19.90,38684.68
59,V0X,1.34,8.53,10882.19
59,V1A,0.28,3.47,2256.13
59,V1B,0.23,4.95,1844.55
59,V1C,0.15,3.58,1276.06
59,V1E,0.05,1.94,453.52
59,V1G,0.56,7.35,3875.58
59,V1H,0.02,1.82,202.65
59,V1J,0.09,4.10,637.57
59,V1K,0.44,5.83,3517.56
59,V1L,0.13,2.81,1062.44
59,V1M,9.13794979898e-03,0.55,74.47
59,V1N,0.23,3.11,1919.62
59,V1P,0.10,2.38,870.68
59,V1R,0.04,1.35,334.69
59,V1S,0.06,2.52,507.22
59,V1T,0.08,2.48,679.41
59,V1V,9.62536216654e-03,0.58,76.85
59,V1W,0.05,1.61,439.63
59,V1X,0.04,1.74,354.67
59,V1Y,4.04236030681e-03,0.41,32.32
59,V1Z,0.10,2.08,799.86
59,V2A,0.05,2.47,434.12
59,V2B,0.14,3.16,1117.42
59,V2C,0.05,2.60,452.80
59,V2E,6.36368561358e-03,0.78,49.87
59,V2G,0.30,6.42,2332.34
59,V2H,0.03,2.23,283.07
59,V2J,2.82,16.99,20766.80
59,V2K,0.29,4.95,2129.38
59,V2L,0.05,1.70,386.54
59,V2M,0.01,0.91,113.70
59,V2N,0.71,9.11,5186.07
59,V2P,0.01,0.57,95.44
59,V2R,0.03,1.38,266.38
59,V2S,4.94768861527e-03,0.42,40.45
59,V2T,4.62537964326e-03,0.43,37.82
59,V2V,0.26,4.61,2162.31
59,V2W,9.68546309083e-03,0.60,78.85
59,V2X,2.92087936879e-03,0.35,23.77
59,V2Y,5.16895794234e-03,0.45,42.16
59,V2Z,0.01,0.53,103.65
59,V3A,2.66970199322e-03,0.31,21.80
59,V3B,1.96066705386e-03,0.33,15.93
59,V3C,3.81296972835e-03,0.50,31.01
59,V3E,0.01,0.66,87.54
59,V3G,0.02,0.81,199.28
59,V3H,0.07,1.83,585.99
59,V3J,1.73842670514e-03,0.27,14.13
59,V3K,2.27493412457e-03,0.32,18.50
59,V3L,1.02841281493e-03,0.16,8.36
59,V3M,1.4455005611e-03,0.20,11.77
59,V3N,1.52511642711e-03,0.29,12.41
59,V3R,2.41047369746e-03,0.37,19.63
59,V3S,0.01,0.88,152.94
59,V3T,1.1899430782e-03,0.19,9.69
59,V3V,2.87869140121e-03,0.42,23.44
59,V3W,2.93898965564e-03,0.22,23.96
59,V3X,1.63223045594e-03,0.19,13.32
59,V3Y,0.01,0.68,97.45
59,V4A,2.29405975678e-03,0.43,18.75
59,V4B,6.47945256491e-04,0.17,5.30
59,V4C,2.2724258201e-03,0.25,18.52
59,V4E,8.92988188557e-04,0.13,7.28
59,V4G,7.02235247284e-05,0.05,0.57
59,V4K,0.01,1.14,144.57
59,V4L,1.58251379169e-03,0.24,12.94
59,V4M,1.84741039152e-03,0.22,15.10
59,V4N,7.72377138159e-03,0.44,62.94
59,V4P,1.31641039604e-03,0.20,10.76
59,V4R,0.02,0.92,187.26
59,V4S,0.02,0.75,194.60
59,V4T,0.01,0.61,90.04
59,V4V,0.03,1.05,295.17
59,V4W,0.01,0.48,87.21
59,V4X,0.01,0.74,135.93
59,V4Z,0.08,2.29,694.86
59,V5A,2.63663730699e-03,0.24,21.43
59,V5B,1.07224200288e-03,0.21,8.71
59,V5C,9.63875525824e-04,0.15,7.83
59,V5E,9.25076749319e-04,0.18,7.52
59,V5G,1.32705569579e-03,0.20,10.79
59,V5H,7.54834190514e-04,0.16,6.14
59,V5J,1.77520085778e-03,0.27,14.45
59,V5K,7.22406758768e-04,0.15,5.87
59,V5L,4.33363544741e-04,0.12,3.52
59,V5M,6.31040643744e-04,0.12,5.13
59,V5N,6.25646509008e-04,0.11,5.08
59,V5P,6.89841918754e-04,0.16,5.61
59,V5R,7.37650910792e-04,0.11,6.00
59,V5S,9.10383043124e-04,0.14,7.41
59,V5T,3.49607599922e-04,0.12,2.84
59,V5V,4.73502608289e-04,0.10,3.85
59,V5W,4.44416334084e-04,0.09,3.61
59,V5X,7.53176995565e-04,0.12,6.13
59,V5Y,4.17698545732e-04,0.14,3.39
59,V5Z,4.49025254974e-04,0.16,3.65
59,V6A,4.15170108868e-04,0.14,3.37
59,V6B,1.53176560876e-04,0.08,1.24
59,V6C,1.57739645021e-04,0.23,1.28
59,V6E,1.34961176763e-04,0.05,1.09
59,V6G,5.5652017291e-04,0.13,4.52
59,V6H,4.41738285289e-04,0.18,3.59
59,V6J,5.1033124743e-04,0.13,4.14
59,V6K,3.88211677202e-04,0.09,3.15
59,V6L,3.78771569316e-04,0.09,3.08
59,V6M,5.49204913228e-04,0.11,4.46
59,V6N,1.16455593322e-03,0.18,9.47
59,V6P,1.17966364672e-03,0.17,9.60
59,V6R,6.3301694826e-04,0.16,5.14
59,V6S,3.3091044384e-04,0.08,2.69
59,V6T,0.03,1.12,264.32
59,V6V,3.46354114663e-03,0.35,28.21
59,V6W,2.89406963656e-03,0.30,23.59
59,V6X,1.79278872232e-03,0.24,14.60
59,V6Y,1.35653360118e-03,0.22,11.05
59,V6Z,1.53981558926e-04,0.13,1.25
59,V7A,3.76669320831e-03,0.30,30.73
59,V7B,2.70158093168e-03,0.45,22.00
59,V7C,1.40065651023e-03,0.17,11.41
59,V7E,1.48049816125e-03,0.25,12.07
59,V7G,5.39128416831e-03,0.50,43.71
59,V7H,4.48052992396e-03,0.51,36.33
59,V7J,5.09703452839e-03,0.53,41.32
59,V7K,6.42045791963e-04,0.15,5.20
59,V7L,8.72425651073e-04,0.14,7.08
59,V7M,4.68169622467e-04,0.12,3.80
59,V7N,1.21019285287e-03,0.24,9.81
59,V7P,7.55627217311e-04,0.18,6.13
59,V7R,3.06658842839e-03,0.26,24.85
59,V7S,8.81997276265e-03,0.44,71.49
59,V7T,4.45536512949e-04,0.12,3.61
59,V7V,8.78339254126e-04,0.20,7.12
59,V7W,0.01,0.86,83.62
59,V8A,0.62,8.07,4922.69
59,V8B,5.31796056459e-04,0.29,4.27
59,V8C,0.04,2.25,307.65
59,V8G,3.88,47.97,27980.16
59,V8J,0.01,1.12,79.87
59,V8K,0.02,2.17,195.01
59,V8L,8.42845701041e-03,1.62,69.61
59,V8M,5.52373104105e-03,0.49,45.70
59,V8N,1.74887219445e-03,0.29,14.51
59,V8P,1.15164253826e-03,0.18,9.56
59,V8R,9.77807970477e-04,0.18,8.12
59,V8S,1.05663666035e-03,0.36,8.78
59,V8T,5.76992039759e-04,0.15,4.79
59,V8V,5.77922719935e-04,0.17,4.80
59,V8W,1.33448990603e-04,0.06,1.10
59,V8X,1.60772115829e-03,0.24,13.33
59,V8Y,1.3263787618e-03,0.20,10.99
59,V8Z,3.19407278644e-03,0.42,26.48
59,V9A,1.64994670902e-03,0.48,13.70
59,V9B,0.01,1.10,109.94
59,V9C,0.01,1.25,112.55
59,V9E,6.10091388149e-03,0.49,50.56
59,V9G,0.03,2.51,308.38
59,V9H,0.26,7.38,2127.62
59,V9J,0.13,3.76,1104.41
59,V9K,0.04,1.74,345.44
59,V9L,0.14,5.22,1213.70
59,V9M,4.13982489225e-03,0.63,33.27
59,V9N,0.01,1.20,84.07
59,V9P,0.04,2.18,330.50
59,V9R,0.01,1.72,146.16
59,V9S,1.66245480116e-03,0.34,13.54
59,V9T,0.03,2.47,305.20
59,V9V,7.58180292105e-04,0.19,6.16
59,V9W,0.02,3.17,209.26
59,V9X,0.05,2.99,411.40
59,V9Y,0.32,5.58,2622.68
60,Y0A,16.29,29.82,95084.58
60,Y0B,69.98,61.56,368187.62
60,Y1A,1.36,7.89,8084.69
61,X0E,271.39,519.27,1328997.20
61,X0G,0.01,0.53,71.67
61,X1A,0.02,1.24,160.07
62,X0A,305.96,2169.39,1081676.34
62,X0B,213.77,976.34,1034274.21
62,X0C,0.27,15.99,1441.85
