"plz","size","inhabitants","sqm","physicians","neurologists"
10,73.8766155456749,80287,1086.77149605428,225,10.9
11,121.015545868282,182357,1506.88904216063,225,10.9
12,51.1396430279924,157358,3077.02578044721,225,10.9
13,69.7081890652265,88723,1272.77729044117,225,10.9
14,269.122630836266,90009,334.453478402422,180.8,6.6
15,577.931694883364,73129,126.535714596443,226.7,8.7
19,1351.09199077887,151075,111.816960674091,180.8,6.6
26,700.53880089845,100196,143.027052707855,157,6.3
27,674.495411228636,129960,192.677367164396,180.8,6.6
28,376.187530892949,75459,200.588785654018,162.5,7
29,1715.53650161427,139746,81.4590653527353,180.8,6.6
30,531.249165856323,124112,233.622955059032,244.5,11.9
31,1347.85295248936,101153,75.0475041162164,120.4,5.2
32,1227.97534228774,79688,64.8938111831623,138.6,5.4
41,97.5294481952567,184397,1890.6802346593,218.7,10.1
42,111.026411083273,190005,1711.34956220003,NA,NA
43,89.3298056791215,128833,1442.21739900316,NA,NA
44,308.947581617683,91793,297.11512716611,220.4,9
45,722.767858171979,109019,150.835429062563,158.5,7
46,1297.44890223361,185953,143.322021915371,151.1,9.9
47,887.676813775722,106774,120.284768446117,220.4,9
48,1608.32415233949,143540,89.2481778571842,154.7,8.1
49,1076.86001510737,60316,56.0109941439198,149.8,3.9
61,744.717936898661,299853,402.639691006668,238.7,11.7
16,749.626892926119,125455,167.356589236406,168.8,6.6
17,858.988166168408,158677,184.725478475207,226.7,8.7
18,965.467279635115,120370,124.675380035139,158.5,5.7
62,966.395752918937,146234,151.318959710149,131,5.9
63,921.020741290555,116561,126.556324710638,135.5,4.3
64,1269.74314520792,155728,122.645277186749,145.3,8.8
66,1072.31499015703,138250,128.92666918678,148.9,6.6
67,1095.45195052444,152252,138.985557446961,145.7,4.3
521,312.536498875325,119237,381.513840556476,205.8,6.7
69,978.63992798126,41608,42.5161479828736,154.6,6.3
73,919.398138527123,92675,100.799638498796,133.7,3.7
74,434.890142160723,49898,114.737022439932,153.7,5.6
75,549.242827804564,141288,257.241410988938,245.6,16.9
76,509.74528601582,56847,111.520403541771,168.7,6
77,419.763971828216,133980,319.179369816974,229.5,10.8
78,203.711434058109,17354,85.1891307929715,202,8.2
79,999.937684846152,97347,97.353066571321,138,4
80,101.478900654974,93246,918.870813520478,166.9,7.8
81,296.712695534678,62131,209.39784827218,188.2,7.3
82,614.125060506493,133307,217.068165057548,153.8,6.1
83,609.32095622363,127654,209.502067336002,188.2,7.3
84,349.564338456827,96265,275.385642668722,188.2,7.3
85,374.871952940856,81480,217.354217515588,188.2,7.3
86,330.448763562479,29336,88.7762438077737,188.2,7.3
91,176.970355247591,225524,1274.36032822831,211.5,11.7
92,271.722461896432,86565,318.578741690462,188.2,7.3
65,1325.27653004083,117147,88.3943821116266,137.2,4
93,610.65731863406,144292,236.289643302331,188.2,7.3
94,728.929553583349,126039,172.909713127152,141.6,5.9
68,999.923477319313,168490,168.502894293175,199.7,7.3
95,611.261078015693,114248,186.905406067858,188.2,7.3
96,941.324469709192,106453,113.088529434369,150.9,5.5
155,832.247547319734,102857,123.58943000944,151.4,6.7
157,690.179604889727,98602,142.864262144857,178,6.7
158,1921.41961416389,136484,71.0328961950311,190.8,6.5
159,1638.00249816103,53579,32.7099623231055,135.1,7.2
162,1866.05814279898,112869,60.4852536002459,132.1,6.1
163,1148.15327951369,147297,128.290362121675,169,7
165,431.691069534026,103226,239.120072860028,176.4,5.7
101,10.7828540728852,79724,7393.58981037088,243,10.5
167,1376.96246003972,98355,71.4289625565847,140.5,5.2
168,2135.26948960403,85257,39.9279811822771,165,7
169,1409.14015162171,43987,31.2154897789106,165.7,5.2
170,1237.35047183143,108091,87.3568180242515,193.4,5
171,2769.25844685949,115624,41.7526938054933,162.3,5
172,3973.80989528534,136056,34.23817534941,157,8.3
102,10.3437527832115,114821,11100.5166506261,243,10.5
173,2876.22008383758,110945,38.5731956408469,179.3,7.6
174,928.699644391521,118769,127.88741841052,196.5,6.9
103,26.187894247225,153334,5855.14812884386,243,10.5
104,10.4188430515557,139757,13413.8694007039,243,10.5
105,12.6488056893091,109113,8626.34802685152,243,10.5
183,915.435689515544,52678,57.5441842647381,164.8,6.2
106,3.15845467936337,38767,12274.0402935951,243,10.5
107,14.5510727287205,143512,9862.64055410434,243,10.5
185,1588.0659350747,86970,54.7647286420189,196.5,6.9
108,4.68705520804491,44965,9593.44364513173,243,10.5
109,12.1935265852329,141200,11579.9148845914,243,10.5
120,16.9840673312791,157942,9299.42144713018,243,10.5
121,25.4223580921969,198303,7800.33855556723,243,10.5
122,30.4506183375131,140740,4621.90942857203,243,10.5
123,44.2991488002295,199936,4513.31471179339,243,10.5
124,34.432905520859,99517,2890.17143614889,243,10.5
125,214.816418651282,152515,709.978319895475,243,10.5
126,61.9440669301254,243939,3938.05269962609,243,10.5
130,42.0684635085645,153256,3643.01396386391,243,10.5
131,76.1261343475062,158662,2084.19882816758,243,10.5
133,14.155801026914,147289,10404.8509667495,243,10.5
134,48.4031197838284,180894,3737.23844264346,243,10.5
135,105.951760401001,247416,2335.17592405819,243,10.5
136,10.8642423969402,28956,2665.25717505669,243,10.5
140,43.0778049762959,82116,1906.225260205,243,10.5
141,98.8333094524993,148677,1504.32076820676,243,10.5
144,188.434535996783,155931,827.507543535766,249.8,12
145,679.236404475279,134023,197.314218020359,190.8,6.5
146,902.303924034402,105582,117.013787912968,135.6,3.7
147,1846.734869224,150723,81.6159387640382,210.1,11.1
148,952.574240821561,31047,32.5927352110877,126.6,3.8
149,1456.76846523962,96756,66.4182416826855,136,4.8
152,424.976944527334,74558,175.440105540136,238.7,10.3
153,1565.93801298086,149263,95.3185878129802,144.1,7.8
258,1468.9267698726,110046,74.9159197429181,162,5.4
175,262.961451941148,12676,48.2047840336573,196.5,6.9
180,120.277994203035,100057,831.881182114649,234.6,12
181,752.257591452118,157157,208.913810622546,142.1,4.7
182,2062.37919460639,132874,64.4275312452226,219.1,8.3
184,635.565844909137,81798,128.701063241833,196.5,6.9
259,673.370454086847,56393,83.7473632199592,183.5,6.8
261,893.645100918161,262082,293.273022736574,268.1,12
262,428.787611816219,52424,122.260994849985,169.4,8.1
263,479.032945455729,127756,266.695644238955,217.5,7.9
200,4.31822800875188,13912,3221.69185411334,242.7,10.9
274,1456.26190584469,144350,99.1236531153172,132.3,8.6
275,79.218954011075,108055,1364.00437684261,214.1,9.7
186,23.8268756636091,5206,218.492767306087,196.5,6.9
190,1024.41365798698,141739,138.361099439579,240.1,12.5
192,2569.03310488929,113931,44.3478131064837,141.2,5.2
193,3029.93705683917,129493,42.7378515034523,176.4,5.7
194,495.601341124038,18158,36.6383189335548,184.2,7.5
201,4.31697757603826,34166,7914.33344236977,242.7,10.9
204,15.5137582388353,9713,626.089426589466,242.7,10.9
202,6.20192503662345,88280,14234.2900758541,242.7,10.9
214,714.060007514366,153249,214.616416529835,208,7.7
203,4.98531843134847,35073,7035.25772385078,242.7,10.9
215,355.37016539229,73967,208.140714115234,163.7,5.8
216,573.769037161556,154191,268.733567016417,168.3,6.5
205,16.8823625564673,55746,3302.02599390597,242.7,10.9
210,223.468162476804,223600,1000.5899611011,242.7,10.9
211,131.059109879528,108569,828.397202604221,242.7,10.9
212,737.876988261663,143157,194.012013218163,242.7,10.9
213,977.475068732105,159242,162.91157196117,180.4,7.7
217,1384.77376887849,108524,78.3694798666588,150.1,5.4
228,165.262243378804,141547,856.499325593414,242.7,10.9
224,41.8524062554867,114814,2743.30702275806,242.7,10.9
247,362.592522441424,73111,201.634053310658,166.3,5.1
220,27.5185548359298,171653,6237.71855111664,NA,NA
221,112.24723495793,286749,2554.61972054343,242.7,10.9
222,5.88429978389423,29662,5040.87165667309,NA,NA
223,103.120647366861,230461,2234.86766117861,242.7,10.9
225,70.0154096443588,180078,2571.97666791783,242.7,10.9
226,15.2012476171227,38438,2528.60824112249,242.7,10.9
227,12.5770248651068,105141,8359.76720469873,242.7,10.9
229,343.638326654059,106367,309.531829687553,151.8,4.9
235,211.041472227004,209583,993.08916768058,247.3,15.7
236,397.806486695751,92726,233.093232768018,167,6.5
237,1235.11131445074,146329,118.47434177629,137.9,6.9
276,1181.18719861323,102719,86.9625069765379,182.4,8.2
277,811.082459369709,204865,252.582209901568,157.4,6.2
238,1175.38461719368,135870,115.596204010565,138.2,5.1
239,1496.60537454883,141777,94.7323873153537,138.9,7.6
241,175.230667650666,266676,1521.85689625766,268.6,13.7
242,883.936032846036,128537,145.414368487893,228.9,8.4
243,1046.13726625182,102134,97.6296355123012,148.2,3.9
244,99.2441773359565,5308,53.4842460533641,183.5,6.8
245,554.628326617262,182317,328.71923637938,170.2,10.1
253,452.952249483497,109367,241.453707592161,175.4,6.8
278,223.593724723163,20275,90.6778579099345,147,4.6
246,782.98137011529,62340,79.6187526030419,163.7,5.8
322,129.351093847996,71565,553.261653002315,181.8,6.8
323,521.570732344192,92964,178.238528803514,181.8,6.8
324,521.378183752371,158223,303.470695419715,154.6,7.4
325,124.327652831126,88538,712.134412448541,181.8,6.8
326,625.522968056155,127405,203.677573016891,133.2,4.9
327,205.405955693318,108782,529.59516014432,181.8,6.8
248,1274.60296271085,107301,84.183862064615,131.3,6.5
249,855.527097550076,166653,194.79570019142,222.6,10.2
254,380.000917692051,175442,461.688358716482,147.8,5.8
255,1003.36271955056,119029,118.630080309658,160.3,7.6
256,53.8610526731155,4690,87.0759067496093,175.4,6.8
257,1311.93217090934,117080,89.2424186220301,152.1,6
731,107.060384373215,30293,282.952468154774,195.1,7.4
542,192.483748011942,113491,589.613415013921,263.6,15.5
543,577.323163361068,89206,154.516578688198,121.9,4
544,991.00194335495,93210,94.0563241323682,157,2.7
545,1718.58814843691,130556,75.9670082205227,154.8,6.6
264,962.627862369622,106267,110.392607729441,176.6,7.1
470,36.3102483471576,106272,2926.77700752545,151.4,6.2
471,108.633708676917,232199,2137.4488897417,NA,NA
472,87.8333724733848,149820,1705.72979018195,NA,NA
474,206.067644986447,172702,838.084018533615,176.9,6
475,573.941193726316,158959,276.960430332519,130.8,5.1
476,567.694508400718,127091,223.872167370501,176.9,6
265,503.706534107892,75700,150.285920221526,135.7,5.3
266,1240.68289053113,168572,135.870335028022,143.2,4.7
267,419.473240809976,108810,259.396761018402,168,9.9
546,1230.49532451689,76002,61.76537081101,126.3,3.1
328,366.87350500056,65002,177.178234770322,181.8,6.8
330,374.857973138869,65767,175.445114450417,146.2,4.2
268,1222.18468612657,171681,140.470586768767,170.5,4.7
331,1316.75200371149,280296,212.869241292163,167.1,4.9
333,309.214566002372,169534,548.273007290024,125.9,5
334,289.086647819325,72830,251.931386486994,181.8,6.8
336,190.52084622999,267363,1403.32675027723,243,11.7
337,291.531791851656,128378,440.356776132752,NA,NA
338,217.492257615662,73038,335.818850752231,181.8,6.8
341,108.101403744976,190795,1764.96320482672,315.3,14.4
342,560.641910688603,168745,300.985346944078,211.3,6.8
343,1166.8394646094,138796,118.950381958894,141.5,5.1
269,875.238141946315,87160,99.5843254798946,129.2,5.6
272,1183.43456240084,112598,95.1451001832938,153.7,6.6
273,1774.81345156263,147107,82.8858942163639,151.2,7.3
351,511.208468832046,35132,68.7234311283336,211.3,6.8
352,660.900059917554,98052,148.361312014757,215,6
353,553.280237193082,121509,219.615651946007,215,6
281,42.1695568904938,44002,1043.45417036903,253.2,11.1
282,91.1239326625245,260345,2857.04306643768,NA,NA
283,112.73610497874,141811,1257.90224903321,NA,NA
287,204.725046100345,116153,567.360966391324,NA,NA
288,629.468971634031,168937,268.380186495068,172.9,6.4
292,182.128509195177,69081,379.298113761914,152.2,5
293,2197.42065205445,147138,66.9594143763213,173,5.7
294,1804.8845682139,80378,44.5335958961307,171.6,8.3
295,1376.21672648837,88867,64.5734049656249,171.4,7.5
296,1790.85326236753,133423,74.5024747720611,149.5,6.5
301,39.5959061312721,177701,4487.86294751959,192.4,9
304,56.4969922565597,156264,2765.88175332213,192.4,9
305,52.4533886757362,72785,1387.61292335091,192.4,9
356,510.502790106348,114997,225.262236032136,215,6
306,56.4675403730197,99875,1768.71525375879,192.4,9
308,287.940806038444,182229,632.869659938612,192.4,9
552,668.400146739571,224469,335.830267385414,129.2,3.1
554,866.24449047237,130263,150.376714002494,144.7,5.8
555,598.312059676693,129322,216.144732349004,139.7,5.2
556,242.772748263424,26304,108.348240023458,151.1,5.7
557,694.434751472829,77610,111.759959932012,140,8.7
560,105.655405173599,107868,1020.94161508127,261.8,12.3
561,210.217945360355,79593,378.621339218029,175.7,6
309,674.822922967682,186527,276.408808372582,192.4,9
310,585.662764945056,76623,130.831264315034,163,6.5
311,792.338509810294,219163,276.602736439597,193,7.1
312,495.655055690564,134415,271.186581185434,138,5.2
313,354.458817599457,71888,202.810584560586,209.4,8
315,970.732521793635,173044,178.261257467983,126,4.1
562,862.055710385524,137413,159.401530950415,175.7,6
316,1065.09265168304,118315,111.084232731341,150.7,3.8
317,370.191474402688,106423,287.480958797649,164.5,8.1
563,813.060999633037,105928,130.282967757412,147.1,6.5
564,531.14601634792,112077,211.00977236095,134.8,5.5
565,241.497268796584,103499,428.572134648771,142,5
318,838.50758419211,120643,143.87824543798,193,7.1
320,79.1719321531442,65358,825.519830355743,142.3,4.8
321,205.504571603573,107554,523.36548603637,181.8,6.8
611,319.22311809911,145020,454.290406232343,223.2,6.4
344,1246.26686165256,134057,107.566849544759,144.7,5.6
345,1237.61559322333,118431,95.6928796376509,160.2,4.5
346,519.927352590308,50680,97.4751563800392,139.4,5
350,755.19955395512,159143,210.729732514457,221.8,6.9
354,596.106172265393,153059,256.764662272037,223.9,6.4
355,228.833018905714,84670,370.007791729071,223.2,6.4
357,758.555061267521,131027,172.732352192151,162.1,5.5
360,253.956158453453,96378,379.506449408136,168.2,5.9
405,55.5313484317778,156421,2816.80536160883,235.2,10.5
406,129.717311164298,155945,1202.19112314533,235.2,10.5
407,92.5757955201418,151457,1636.03238998953,235.2,10.5
408,130.278854425368,125047,959.841108148792,159.9,6
410,49.7850394491766,116655,2343.17379860848,222.7,11.1
411,89.5536791838332,62451,697.358283536318,NA,NA
412,31.2907311775334,76195,2435.06614043931,NA,NA
413,387.407301195433,145242,374.907750968613,227.6,8.9
414,99.5059125070123,150586,1513.33720988075,156.9,6.2
361,1486.57881459532,157090,105.672163801664,188.7,5.8
362,1022.60725246767,101694,99.4458036109173,161.8,5.8
363,1271.58616719917,104476,82.161950715555,151.2,4.7
423,84.7780044668713,97425,1149.17779219574,NA,NA
424,137.016485868581,59025,430.78757731835,248.2,8.6
477,5.09994966815936,47190,9253.03249454057,247.5,11.5
364,696.882643657736,78108,112.081999330667,118.8,4
370,117.015338066953,115865,990.169339456211,223.8,10.7
371,1413.33617982672,170733,120.801407645938,157.1,4.5
372,912.285404841668,94610,103.706580745332,134.5,3
373,943.522551330462,102407,108.536886432228,151,6
374,508.890347021093,54482,107.060391927107,228.1,8.3
375,873.720915030318,91654,104.90077371768,228.1,8.3
376,907.053062038486,113753,125.409421742488,134.2,3.5
381,848.400670573218,335282,395.192992685247,240.7,10.9
382,372.756327215759,122595,328.887777481077,194.2,8.6
383,667.704425375096,129502,193.951088353577,132.5,4.3
384,1126.88297593251,170391,151.205585352818,203.4,9.7
385,570.377454392948,111210,194.976149817073,123.9,5.7
386,397.768073678981,98287,247.096251569256,151.9,8.7
387,482.326885592712,40272,83.4952419260464,198.2,7.6
388,1378.82825312269,150045,108.820659614558,153,8.8
391,660.022567259368,280898,425.588478233981,215.1,10.9
392,1775.04080539776,136232,76.7486581636484,137.1,5.5
393,2329.77256546255,155997,66.9580380130489,131.5,4.1
394,405.340474724397,51632,127.379334706474,188,8.1
395,1475.82300373627,87961,59.6013206036992,144,10.6
396,2374.04504853204,79742,33.5890846086966,126.7,4.7
402,42.687043480707,225520,5283.10188785801,235.2,10.5
404,78.7311313995808,146516,1860.96652487303,235.2,10.5
478,200.415491885875,225961,1127.46274189558,NA,NA
479,144.116533111346,79703,553.045499217085,227.6,8.9
481,303.318161372163,289790,955.39943499933,319.2,13.1
482,664.843434332449,172463,259.403930450431,159.7,5.4
483,929.109580571063,152387,164.014022873747,214.2,7.2
415,285.346043444905,178411,625.244344887677,227.6,8.9
417,91.1032682419783,75005,823.296479340128,148.6,6
418,305.114321924406,126836,415.699922573364,205.8,6.7
421,42.9731415246475,121105,2818.15561309474,213.8,10.2
422,41.5925159316438,124390,2990.68227092662,NA,NA
425,102.74380584355,106952,1040.95813000015,227.6,8.9
426,80.6263864135357,131140,1626.51466639442,211.6,11.3
427,70.2781743655798,81413,1158.43931255951,227.6,8.9
428,74.0238549845112,110517,1492.99168522262,227,12.7
429,74.8781223454226,35018,467.666641511888,248.2,8.6
448,95.9015992899029,246099,2566.16158460572,NA,NA
484,976.252574368328,182435,186.872746653746,142.8,4.4
485,340.397185405422,131113,385.176510328195,154.5,6.3
486,757.279080861769,143870,189.982799784036,176.9,5.9
487,480.905809143677,80565,167.527608251308,214.2,7.2
490,119.763173680714,153924,1285.23648187846,303,16.4
491,730.461454568985,164438,225.115232256886,228.1,9.5
492,131.012707419524,34498,263.317968764143,228.1,9.5
493,538.186968056469,117324,217.998589641973,139.3,3.7
494,1434.67796600504,183792,128.106797730909,169.3,10.7
441,50.6184591256783,171274,3383.62729641278,164.2,5.8
442,90.2771075829483,163606,1812.26453062506,NA,NA
443,139.940867090268,236489,1689.92092815499,NA,NA
445,110.933496830279,160856,1450.02190137483,183.3,6.6
446,51.5109511578861,155039,3009.82599845206,166.1,10.9
447,49.7605732980666,116474,2340.68846639525,199.4,10.1
495,1048.86106219655,148800,141.868170497606,154.4,5.9
496,1200.59111402,134773,112.255536815305,126.2,3.6
497,1469.33511005738,136181,92.6820567124962,143.1,6.2
498,1049.79994116494,122906,117.075640015386,166.1,5.7
501,356.775262508696,166088,465.525549143004,248.2,8.6
502,117.522906618114,102695,873.829646961538,248.2,8.6
503,230.562200888138,182921,793.369421767221,162,6
506,16.5614685625131,121677,7346.99338652952,271.8,10
507,98.5935197424047,189226,1919.2539275846,271.8,10
508,44.6306296807834,146648,3285.81516884003,271.8,10
509,76.037135543251,189938,2497.96364162036,271.8,10
451,65.5766192990407,233299,3557.65519012373,172.8,8.4
452,84.2700261245261,131871,1564.86245542554,NA,NA
453,60.5299251130064,201288,3325.42952306988,NA,NA
454,91.2777270331207,166948,1829.01136374071,162.9,5.3
455,119.634041649034,79998,668.689270188558,195.8,7.9
456,85.4040283008802,148496,1738.74702346411,158.4,6.8
457,417.026453823417,245610,588.955443349404,183.3,6.6
458,104.893170373705,258891,2468.13971851212,154.8,5.4
459,35.9274878606477,74097,2062.40414824996,183.3,6.6
460,21.5960414668721,87235,4039.39768933195,155.1,4.7
461,55.5103623166888,122361,2204.29114301084,NA,NA
462,271.836883489706,194438,715.274533403643,155.1,8.5
463,500.031938948509,154095,308.170314728371,145.2,5.4
464,599.105930920488,168581,281.387633303823,147.6,4.3
465,450.69171279219,166432,369.281252075607,176.9,6
510,51.8814990805993,144852,2791.97792212921,271.8,10
511,117.242219721151,213660,1822.3810544373,271.8,10
513,106.28547357662,177099,1666.25780589227,261,12.2
514,151.99946900834,135734,892.9899616462,180,7.1
515,610.30208024018,148063,242.606087696327,175.7,6
516,266.983888703758,97129,363.800978671687,141.8,7.3
517,241.76293300198,73201,302.780079191877,248.2,8.6
520,160.930337379714,236435,1469.17606617659,212.8,8.5
522,174.153917751654,110945,637.051416541826,205.8,6.7
523,636.651721860786,185579,291.492182660867,156.7,6.5
524,363.949643661979,146373,402.179264491724,205.8,6.7
525,322.62460263778,121665,377.11011189248,146.2,4
531,108.063711634209,241228,2232.27572283049,331.2,14.1
532,33.0031665162769,64530,1955.26692774084,NA,NA
533,271.725819970546,138452,509.528317975111,254.7,8.4
534,195.183096119042,72009,368.930514126498,151.3,7.8
535,771.43928411716,99477,128.949875963138,175.7,6
536,130.893287643233,69035,527.414363585733,254.7,8.4
537,299.29774537715,186001,621.458072681494,164.9,5.3
538,563.903767505247,235472,417.574794794768,152,5.2
539,1035.45402002566,123657,119.422975437322,205.8,6.7
612,439.245443718454,112907,257.047629325828,192.8,6.8
613,115.628435914158,84469,730.520994530357,223.2,6.4
614,121.423555496191,92921,765.263375959328,223.2,6.4
551,98.0556217134868,200379,2043.52383370223,255.7,8.8
566,190.226535248244,59724,313.962507502229,175.7,6
567,606.109580348462,85953,141.810990597747,138.1,5.6
568,619.381189571678,53300,86.0536304579392,136.2,3.2
570,114.691209409829,99246,865.332229999963,150.4,5.8
572,535.803869713856,136512,254.779794839675,170.8,5.3
573,1074.04745753327,105634,98.3513337879931,170.8,5.3
574,428.283037554276,98092,229.035454124351,140.9,4.5
575,375.167139605607,95688,255.054320857076,175.7,6
576,431.328513265046,62248,144.316914105211,136.7,2.3
580,116.858251377171,134267,1148.97320829011,169.4,6.4
581,43.2726177722002,53758,1242.30986632235,NA,NA
582,140.621382606908,108506,771.618071081811,173.7,8.3
583,132.995906135063,88228,663.38884078432,195.8,7.9
584,72.4007934996312,96364,1330.97988767887,195.8,7.9
585,389.940678506559,138737,355.790015371958,195.8,7.9
586,193.559930966938,129933,671.280462598397,195.8,7.9
587,273.934476854064,130498,476.383993350066,139.8,5.3
588,284.990441494176,57693,202.438368450259,195.8,7.9
590,226.497619916357,176181,777.84923331672,146.8,4.5
591,123.946721251899,110878,894.561783321893,183,5.8
592,234.54891235555,88536,377.473504826104,214.2,7.2
593,833.605676467233,177517,212.950805172423,214.2,7.2
594,324.20896254473,165304,509.86869302601,154.1,6.3
595,858.180251540385,175318,204.290415312301,142.9,5.6
596,231.944564497091,21108,91.0045037949777,165.1,5.3
597,99.4365960934069,46262,465.241187022766,165.1,5.3
598,619.392871769769,96630,156.007607455834,165.1,5.3
599,790.863699026314,79839,100.951655890004,139.9,5
603,56.6907238906369,235507,4154.24224348097,251.7,8.6
604,74.6654184876507,218592,2927.62036867381,NA,NA
605,79.7524165303209,110229,1382.1399375164,NA,NA
630,44.7908666905672,113241,2528.21631656099,292.1,10.3
631,140.108109623019,143310,1022.85299819972,137.9,4.3
632,53.3199282421883,69640,1306.07827684394,223.2,6.4
633,98.3520853154875,76583,778.661680170197,223.2,6.4
644,71.7922719941458,19625,273.358112995787,183.9,5.9
634,138.432052594189,142915,1032.38373860534,223.2,6.4
635,452.050827113919,177203,391.997955476242,144.4,4.3
636,1067.56247533435,148036,138.667294346063,163.8,5.6
637,291.821100840813,161529,553.520631423132,268.8,14.3
638,712.698477697059,142497,199.940093123884,100,1.1
639,348.498214096805,54871,157.449874290484,136.2,3.9
642,122.254192859024,143607,1174.65909873209,288.8,12
643,362.021905628861,171103,472.631620737923,183.9,5.9
645,293.49672256109,123121,419.497018316357,150.7,5.2
646,320.568237804678,133919,417.755049337098,153.7,4.5
656,238.625350908796,52779,221.179349968446,175.7,6
647,529.226261114337,79880,150.937332232541,141.8,6.2
648,306.128450784301,99771,325.912210199302,123.3,4.4
651,70.2650928158023,163943,2333.20690872453,282.8,9
652,202.187965699934,125355,619.99238958682,223.2,6.4
653,545.464345542596,99254,181.962397379554,145.2,4.3
654,182.27984334009,147950,811.664072609287,183.9,5.9
655,576.663980572548,162480,281.758537855407,154.1,5.8
657,115.936077005261,110469,952.844040039301,153.6,3.8
678,356.004098567823,28202,79.2181890979753,123.8,4
658,63.8231362746808,76831,1203.81110181324,223.2,6.4
659,37.4941798496351,103959,2772.67032955281,NA,NA
661,167.522499950836,175780,1049.29188647249,234.4,14.2
662,127.300047565292,84858,666.598336944664,214.8,9.3
663,231.575970322781,121269,523.668322887603,165,5.1
664,457.715441467403,141732,309.650903508122,185.75,10.05
665,321.703404616405,144506,449.190148212161,147.8,6.8
666,871.774039083242,164382,188.560329432228,137.3,4.45
667,424.957021780121,157202,369.924467517891,141.8,7.7
668,679.896055605457,143013,210.345388564793,149.8,5.7
669,745.811003611367,124475,166.898851582059,168.25,5.4
670,187.040356964389,175834,940.085887632676,190.3,7.75
671,258.529278109503,114688,443.617066657428,106.1,2
672,366.895828025811,135606,369.603548586713,188,8.3
673,362.511362274818,124175,342.540987462522,292.6,13.7
674,444.341594426589,116798,262.856328250621,215.5,9.4
675,333.433780066753,126519,379.442658673248,173.3,7.2
676,369.362881180166,133615,361.744524986056,215.7,14
677,541.1599062426,56939,105.216590037759,139.1,2.8
681,45.5186296191387,142276,3125.66527574413,245.8,11
682,43.779949131564,64827,1480.74635274671,NA,NA
683,55.7842998096289,83003,1487.92761194921,NA,NA
685,99.3811904529257,77203,776.837142402406,247.3,8.7
706,10.9528931342551,24411,2228.72620966737,235,11.9
686,166.672174718175,58866,353.184327855182,183.9,5.9
687,208.293471844317,138468,664.773594553621,247.3,8.7
711,250.773869693012,106799,425.877704605904,195.1,7.4
712,252.29502983275,141984,562.76970693447,144.5,5.9
713,128.019733453863,130003,1015.49188154537,195.1,7.4
714,21.2106574682486,19148,902.753723153736,195.1,7.4
715,374.290737980505,106777,285.278232039932,147.3,5.2
716,188.449889180166,191201,1014.59863325897,158.3,6.3
688,19.3936059075902,11880,612.573033432141,247.3,8.7
691,236.802872336356,238718,1008.08743426441,402.9,18.1
692,207.773564014207,109854,528.71981342385,247.3,8.7
694,492.207175430941,106909,217.203253703887,183.9,5.9
695,71.5906114767335,34467,481.44581096645,183.9,5.9
701,47.5029815085972,194737,4099.46899785135,235,11.9
703,48.0615365390275,135030,2809.52315975898,235,11.9
704,40.1476542867378,114229,2845.22226838378,235,11.9
705,64.1873776619514,117384,1828.77076889187,235,11.9
707,92.691967637956,123894,1336.62067120978,235,11.9
708,52.2107312082378,68217,1306.57047739712,235,11.9
721,768.95503575083,191533,249.082184386739,202.4,5.9
722,881.141119960884,131375,149.096435319954,137.1,6
723,465.680585900098,90140,193.566153988944,142.4,3.7
724,606.277972586961,119939,197.828397901751,143.6,4.6
725,974.873747471146,116875,119.887319053547,202.4,5.9
726,181.526078464823,110467,608.546171074847,195.1,7.4
710,194.025616263761,157240,810.408455480671,195.1,7.4
717,216.353210292585,101410,468.724267427594,176.5,6.8
720,107.998178525005,82543,764.299927344503,223.3,7.5
727,117.955975955223,127210,1078.45320230566,169.7,5.9
728,310.874920538779,56874,182.948177039921,202.4,5.9
730,235.080356170907,153096,651.249651368986,135.8,5.9
732,258.645540175841,146814,567.626257542227,195.1,7.4
733,286.87568679839,58829,205.06791863942,200,8.7
734,1087.7566349954,176475,162.23757623942,146,6.1
735,445.969388601078,132716,297.589931937492,195.1,7.4
736,297.423439602537,115864,389.559074949961,195.1,7.4
737,117.887424400334,163908,1390.37730982556,152.3,6.9
740,100.312883713444,116038,1156.76068421557,230.2,12.8
741,221.389780984748,96490,435.837641515385,176.5,6.8
742,471.193209839592,99267,210.671541794487,176.5,6.8
767,436.805397206882,119402,273.352849492032,138.5,6.2
768,868.510491584712,160133,184.37658675581,206.65,10.6
776,154.316539991411,90817,588.511121394082,246.3,8.8
777,1113.62161004813,152188,136.660422738584,162.2,7.7
778,476.085258710699,119031,250.020343671954,246.3,8.8
779,402.38611968723,106511,264.698494279051,246.3,8.8
780,349.856258982108,117174,334.920405142709,162,5.9
781,897.049557205098,103726,115.630178028486,154.4,7.1
743,402.943622266056,180931,449.023113909803,129.1,5
744,350.819499004285,35865,102.232059796545,176.5,6.8
745,1187.79210293692,155789,131.158474294279,147.3,5.7
746,641.924300117523,97250,151.49761425482,130.2,5.4
747,632.973299510567,61831,97.6834252689797,133.2,3.5
748,556.629951057492,115507,207.51129144337,247.3,8.7
749,321.343269389187,69928,217.611528422301,168.5,6
750,305.5328555677,84618,276.952211384187,200.5,6.3
751,123.138697792878,126135,1024.33274235336,240.6,11.3
752,225.259291385056,80792,358.662230992705,177.6,6.4
784,93.2854088368661,89772,962.336994813302,185.2,7.9
785,454.46001927339,94101,207.061118710624,127,5
786,418.204115496269,86758,207.453721245778,131.8,5
787,212.305944366556,47242,222.518498673944,162,5.9
753,567.617400854343,112180,197.633123704723,140.4,6.4
754,198.710169241274,62799,316.033146364792,120.5,3.5
761,118.679899715378,234609,1976.82169063714,242.4,10.6
762,189.391619650484,136305,719.699215052633,135.3,4.5
763,278.17359020861,108470,389.936370015052,177.6,6.4
764,199.850655518691,100251,501.629578045711,125.5,3.9
765,488.354844941876,120569,246.88810042286,266.8,5.5
766,311.644576040841,120989,388.227517183372,200.5,6.3
804,1.22346641696482,23960,19583.7005967357,NA,NA
782,427.752556974326,110033,257.235165999497,191.5,12
783,301.117070669061,69240,229.943788461257,185.2,7.9
790,1.34827429806934,8288,6147.11710507868,400.2,14.8
791,275.15470071805,261815,951.519270129717,246.3,8.8
792,921.662123793713,158417,171.881859859804,246.3,8.8
793,478.965824369354,130647,272.768939562694,173.6,7.9
794,216.752971281975,37024,170.8119606436,246.3,8.8
795,182.38234993793,105999,581.191107780302,150.2,6.1
796,525.645364668241,106347,202.317012853562,185.2,7.9
797,632.467586645587,116019,183.43864958413,132.8,3.5
798,914.802369389857,71734,78.4147509891609,175.7,5.7
805,2.89785665535078,14215,4905.34960511334,298.7,11.4
803,8.71644248730502,74917,8594.90556028015,298.7,11.4
874,823.623429736002,148776,180.635949183339,248.8,10.2
875,902.255880521492,78159,86.6262018207353,133.3,3.9
876,1129.35326341417,139499,123.521137733536,266.8,25.3
877,1027.68279303933,141719,137.901501280247,289.9,20.7
880,279.30821223866,121825,436.166910466294,200.4,6.7
881,336.259977516019,80245,238.639759012585,172.5,4.9
882,840.827460611474,180589,214.775335558939,173.7,8.1
883,843.085031854468,101847,120.802761467577,200.4,6.7
884,1383.22123324275,186365,134.732604966666,147.3,7.1
885,363.360254326266,34289,94.3664024662737,200,8.7
806,21.6653050418558,160320,7399.84965317928,298.7,11.4
886,781.52152851184,106004,135.637978139708,185.4,6.1
887,21.727564050425,9353,430.467031568458,200.4,6.7
890,118.849484471154,116833,983.033292234063,258.8,18.3
891,819.608883190512,123794,151.040334650967,145.4,4.1
892,515.662911567514,163982,318.002315701796,160,5.2
893,491.192627145611,84747,172.533127161287,145.4,8.8
894,511.126280922679,67598,132.253031243028,137.7,4.2
895,851.829994017468,159293,187.000928728431,148.5,6.8
807,3.79662103572626,58894,15512.2145312388,NA,NA
940,735.627213649946,132574,180.218998889683,326.4,19.3
941,1135.61282504309,102590,90.3388881647294,144.05,5.15
942,936.957262308297,75068,80.1189157924469,151,9
943,1075.43627086521,127136,118.218069674846,283.7,10.5
944,1050.26043848468,142239,135.432122155551,154.75,5.95
945,1285.9438734342,113567,88.3141187933121,116.2,4
950,58.0486515879923,44790,771.594150332771,259,19.6
951,975.004807044191,106386,109.113308192314,116.9,1
952,231.75143557672,26897,116.059690992058,188.8,6.5
953,521.107996460971,63280,121.433561622076,175,8.3
954,798.612065939111,135136,169.213571599484,275.7,9.5
955,322.379783132679,28571,88.6252845087412,89.6,2.9
956,906.087277953669,87832,96.9354742496352,142.9,5.4
957,249.11162027353,14209,57.0386880563748,127.9,4.1
960,54.5899597387085,70651,1294.21234853747,348.5,23.3
961,1780.30487867297,182134,102.304949102741,96.2,0
962,720.814989632215,97543,135.323212478933,123.8,3.6
808,18.4359053828428,106676,5786.31739449461,298.7,11.4
809,78.2303888092883,176327,2253.94508047063,298.7,11.4
812,49.1456098401964,99390,2022.35764950685,298.7,11.4
963,608.950154123971,66069,108.496565035025,134.9,4.4
964,407.787805351752,98724,242.096498974122,274,12.1
965,313.781410714672,47664,151.901923990462,172.1,7.1
970,87.7278409098353,124381,1417.80532508301,341.1,15
971,63.6078776836071,11067,173.987883309809,156.8,5
972,1199.9125997092,169698,141.425300510326,146.5,5
973,635.213939732937,85458,134.534201242386,149.3,6.6
974,974.691555407157,167470,171.818457922356,191,8.4
975,657.646156190847,70255,106.827964154651,150.4,5.9
813,22.6699193686826,141536,6243.33936518209,298.7,11.4
987,373.217167013406,32305,86.5581834257897,202,8.2
814,13.4054673045448,59586,4444.90286286393,298.7,11.4
815,17.7188577866938,125343,7073.98871354608,298.7,11.4
990,269.517304163818,200963,745.640435308935,217.4,12.2
816,14.4003353435915,108634,7543.85209844054,298.7,11.4
991,348.163149890308,31825,91.408295249014,135,3.7
817,15.9141708649879,75137,4721.38954881437,298.7,11.4
993,503.360585765498,59161,117.532046952046,143.3,4.6
994,606.005683851491,104319,172.14194978667,248.3,10.9
995,267.400366477315,40035,149.719316122913,152.2,4.9
996,558.461454509621,52146,93.3743942019934,125.7,2.9
997,1376.73300323855,131096,95.2225302158205,171.2,5.9
998,1562.92895819892,216965,138.819489434776,231.8,14
999,1009.80327344136,109309,108.247817050028,166.2,6.8
818,21.9901705158692,69434,3157.50166420461,298.7,11.4
819,20.6623143842699,54034,2615.09911208862,298.7,11.4
820,284.199659600998,101628,357.593672500103,155.9,6.1
821,158.619304258493,149957,945.389344008363,220.6,6.6
822,600.328754466482,156737,261.085278414315,162.5,6.9
823,669.042458783851,130178,194.573600361075,182.5,6
824,1349.00101656764,102544,76.0147685143409,207.6,7.9
825,273.969626137423,56768,207.205451204015,214.9,6.7
830,483.446571609351,168547,348.63625041113,342.4,12.7
831,541.558081526041,61227,113.057125520997,161.1,8.1
832,551.180435021024,70301,127.546254426318,210.5,7.5
833,943.921029938883,127433,135.003878458192,187.8,6.8
834,807.565454580573,83235,103.069044778828,192.3,5.7
835,575.902668017837,64157,111.402505254608,210.5,7.5
836,1061.45006629495,102981,97.0191658279892,174.6,7.1
837,591.691676272318,54990,92.9369166496296,208.7,6
840,1198.27518188703,188004,156.895513519635,320.3,12.6
841,1287.93771956505,127178,98.7454580047155,92.2,0
843,953.677919156683,96172,100.843270110566,149.5,5
844,718.577616925916,119277,165.990419393062,155,6.3
845,970.540624527149,126740,130.587011812873,166,7
850,474.50990211221,194929,410.800700116694,202.6,10.4
851,722.357653908828,69528,96.251489305567,126.1,4.6
852,876.013502138028,173534,198.09512019674,131.5,5.5
853,555.168398987632,131280,236.468790801842,144.9,5.1
854,725.761491401224,110447,152.180849092393,141.7,4.4
855,231.462805365699,142026,613.601825898579,159.8,7.8
856,597.092010490094,110842,185.636381081403,298.7,11.4
857,208.964774732368,105114,503.022579449695,181.4,6.5
861,148.682247668328,267780,1801.02200632148,220.2,10.6
863,264.027630028376,140685,532.841960460275,137.7,6.4
864,931.073231137523,136236,146.321465856725,187.2,7
865,937.370925245896,105770,112.836868683818,138.8,4.5
866,1428.1294585213,159905,111.968140595298,146.6,7.3
867,640.40143257184,60995,95.2449462129484,133,4.5
868,798.246040824935,132414,165.881186035272,154.4,5
869,937.374377912336,112297,119.799519430114,137.1,2.2
896,237.286832742105,25012,105.408293039101,200,8.7
904,238.089917977628,486620,2043.84966878658,243,10.7
905,765.662627921499,228287,298.156122128773,126.1,4.8
906,178.588397629064,25834,144.656653752269,158.4,6.9
907,63.4092306085589,115512,1821.69061020602,214.2,10.3
910,360.669094368354,189704,525.977975274627,252.3,11.7
911,777.820481730831,131022,168.447608513015,203.5,4.9
912,1046.94371682623,127793,122.062913169201,152.6,6.5
913,838.727057661084,130884,156.05076622303,140,7.8
914,926.995668659623,80852,87.2193935025683,157.4,5.2
915,1101.90990339219,145408,131.959972001674,283.3,19.2
916,707.637676125349,49595,70.0853016639194,106.4,2.2
917,1252.37876954903,115240,92.0168904184609,143.3,4.2
918,145.57210673224,9971,68.4952648129239,162.9,5
922,1325.24255268608,141981,107.135859554332,207.35,9.75
923,1310.40079670057,126259,96.351437146486,144.7,6
924,552.168361190867,56953,103.14426541421,153.6,4.1
925,670.206351289905,47719,71.2004592438705,178.9,6
926,889.919670985424,101880,114.482242972769,100.5,2.1
927,595.370499094374,38624,64.8738895507108,291.5,21.2
930,467.49636032451,203619,435.552054049488,300.2,13.3
931,1470.02235952078,171685,116.790740554428,141,4.2
933,869.732584960079,82750,95.1441873409839,144.5,3.3
934,1276.60028310778,110104,86.2478267135899,150.8,5.5
976,1037.34945481775,99201,95.6292978603131,145.4,5
977,1590.53302351669,125990,79.2124389353669,141.4,1.9
978,799.519701532712,91622,114.596300534379,139.9,6.3
979,1173.74826909193,113001,96.273624401102,159.6,8.3
985,905.28246115162,127182,140.488748493161,200.8,9.35
986,1539.48405411287,144275,93.7164627425381,143.9,6.3
